 Country Name , Y1995 , Y1996 , Y1997 , Y1998 , Y1999 , Y2000 , Y2001 , Y2002 , Y2003 , Y2004 , Y2005 , Y2006 , Y2007 , Y2008 , Y2009 , Y2010 , Y2011 , Y2012 , Y2013 , Y2014 , Y2015 
 Afghanistan ," 17,099,541.00 "," 17,822,884.00 "," 18,381,605.00 "," 18,863,999.00 "," 19,403,676.00 "," 20,093,756.00 "," 20,966,463.00 "," 21,979,923.00 "," 23,064,851.00 "," 24,118,979.00 "," 25,070,798.00 "," 25,893,450.00 "," 26,616,792.00 "," 27,294,031.00 "," 28,004,331.00 "," 28,803,167.00 "," 29,708,599.00 "," 30,696,958.00 "," 31,731,688.00 "," 32,758,020.00 "," 33,736,494.00 "
 Albania ," 3,187,784.00 "," 3,168,033.00 "," 3,148,281.00 "," 3,128,530.00 "," 3,108,778.00 "," 3,089,027.00 "," 3,060,173.00 "," 3,051,010.00 "," 3,039,616.00 "," 3,026,939.00 "," 3,011,487.00 "," 2,992,547.00 "," 2,970,017.00 "," 2,947,314.00 "," 2,927,519.00 "," 2,913,021.00 "," 2,905,195.00 "," 2,900,401.00 "," 2,895,092.00 "," 2,889,104.00 "," 2,880,703.00 "
 Algeria ," 28,904,298.00 "," 29,411,415.00 "," 29,886,839.00 "," 30,335,732.00 "," 30,765,613.00 "," 31,183,660.00 "," 31,592,153.00 "," 31,995,046.00 "," 32,403,514.00 "," 32,831,096.00 "," 33,288,437.00 "," 33,777,915.00 "," 34,300,076.00 "," 34,860,715.00 "," 35,465,760.00 "," 36,117,637.00 "," 36,819,558.00 "," 37,565,847.00 "," 38,338,562.00 "," 39,113,313.00 "," 39,871,528.00 "
 American Samoa ," 52,868.00 "," 53,929.00 "," 54,941.00 "," 55,901.00 "," 56,770.00 "," 57,521.00 "," 58,175.00 "," 58,731.00 "," 59,117.00 "," 59,264.00 "," 59,118.00 "," 58,650.00 "," 57,903.00 "," 57,030.00 "," 56,227.00 "," 55,637.00 "," 55,320.00 "," 55,230.00 "," 55,307.00 "," 55,437.00 "," 55,537.00 "
 Andorra ," 63,850.00 "," 64,360.00 "," 64,327.00 "," 64,142.00 "," 64,370.00 "," 65,390.00 "," 67,341.00 "," 70,049.00 "," 73,182.00 "," 76,244.00 "," 78,867.00 "," 80,991.00 "," 82,683.00 "," 83,861.00 "," 84,462.00 "," 84,449.00 "," 83,751.00 "," 82,431.00 "," 80,788.00 "," 79,223.00 "," 78,014.00 "
 Angola ," 14,268,994.00 "," 14,682,284.00 "," 15,088,981.00 "," 15,504,318.00 "," 15,949,766.00 "," 16,440,924.00 "," 16,983,266.00 "," 17,572,649.00 "," 18,203,369.00 "," 18,865,716.00 "," 19,552,542.00 "," 20,262,399.00 "," 20,997,687.00 "," 21,759,420.00 "," 22,549,547.00 "," 23,369,131.00 "," 24,218,565.00 "," 25,096,150.00 "," 25,998,340.00 "," 26,920,466.00 "," 27,859,305.00 "
 Antigua and Barbuda ," 73,619.00 "," 75,628.00 "," 77,739.00 "," 79,851.00 "," 81,831.00 "," 83,584.00 "," 85,057.00 "," 86,266.00 "," 87,293.00 "," 88,257.00 "," 89,253.00 "," 90,301.00 "," 91,381.00 "," 92,478.00 "," 93,581.00 "," 94,661.00 "," 95,719.00 "," 96,777.00 "," 97,824.00 "," 98,875.00 "," 99,923.00 "
 Argentina ," 34,994,814.00 "," 35,419,682.00 "," 35,833,969.00 "," 36,241,590.00 "," 36,648,068.00 "," 37,057,452.00 "," 37,471,509.00 "," 37,889,370.00 "," 38,309,379.00 "," 38,728,696.00 "," 39,145,488.00 "," 39,558,890.00 "," 39,970,224.00 "," 40,382,389.00 "," 40,799,407.00 "," 41,223,889.00 "," 41,656,879.00 "," 42,096,739.00 "," 42,539,925.00 "," 42,981,515.00 "," 43,417,765.00 "
 Armenia ," 3,217,342.00 "," 3,168,215.00 "," 3,133,086.00 "," 3,108,684.00 "," 3,089,017.00 "," 3,069,588.00 "," 3,050,655.00 "," 3,033,897.00 "," 3,017,806.00 "," 3,000,612.00 "," 2,981,259.00 "," 2,958,500.00 "," 2,933,056.00 "," 2,908,220.00 "," 2,888,584.00 "," 2,877,311.00 "," 2,875,581.00 "," 2,881,922.00 "," 2,893,509.00 "," 2,906,220.00 "," 2,916,950.00 "
 Aruba ," 80,324.00 "," 83,200.00 "," 85,451.00 "," 87,277.00 "," 89,005.00 "," 90,853.00 "," 92,898.00 "," 94,992.00 "," 97,017.00 "," 98,737.00 "," 100,031.00 "," 100,832.00 "," 101,220.00 "," 101,353.00 "," 101,453.00 "," 101,669.00 "," 102,053.00 "," 102,577.00 "," 103,187.00 "," 103,795.00 "," 104,341.00 "
 Australia ," 18,072,000.00 "," 18,311,000.00 "," 18,517,000.00 "," 18,711,000.00 "," 18,926,000.00 "," 19,153,000.00 "," 19,413,000.00 "," 19,651,400.00 "," 19,895,400.00 "," 20,127,400.00 "," 20,394,800.00 "," 20,697,900.00 "," 20,827,600.00 "," 21,249,200.00 "," 21,691,700.00 "," 22,031,750.00 "," 22,340,024.00 "," 22,728,254.00 "," 23,117,353.00 "," 23,460,694.00 "," 23,789,338.00 "
 Austria ," 7,948,278.00 "," 7,959,017.00 "," 7,968,041.00 "," 7,976,789.00 "," 7,992,324.00 "," 8,011,566.00 "," 8,042,293.00 "," 8,081,957.00 "," 8,121,423.00 "," 8,171,966.00 "," 8,227,829.00 "," 8,268,641.00 "," 8,295,487.00 "," 8,321,496.00 "," 8,343,323.00 "," 8,363,404.00 "," 8,391,643.00 "," 8,429,991.00 "," 8,479,375.00 "," 8,541,575.00 "," 8,633,169.00 "
 Azerbaijan ," 7,685,000.00 "," 7,763,000.00 "," 7,838,250.00 "," 7,913,000.00 "," 7,982,750.00 "," 8,048,600.00 "," 8,111,200.00 "," 8,171,950.00 "," 8,234,100.00 "," 8,306,500.00 "," 8,391,850.00 "," 8,484,550.00 "," 8,581,300.00 "," 8,763,400.00 "," 8,947,243.00 "," 9,054,332.00 "," 9,173,082.00 "," 9,295,784.00 "," 9,416,801.00 "," 9,535,079.00 "," 9,649,341.00 "
" Bahamas, The "," 280,150.00 "," 283,790.00 "," 286,970.00 "," 290,060.00 "," 293,572.00 "," 297,890.00 "," 303,135.00 "," 309,157.00 "," 315,746.00 "," 322,526.00 "," 329,249.00 "," 335,830.00 "," 342,328.00 "," 348,676.00 "," 354,856.00 "," 360,832.00 "," 366,568.00 "," 372,039.00 "," 377,240.00 "," 382,169.00 "," 386,838.00 "
 Bahrain ," 563,699.00 "," 578,668.00 "," 594,930.00 "," 613,702.00 "," 636,545.00 "," 664,614.00 "," 697,549.00 "," 735,148.00 "," 778,711.00 "," 829,848.00 "," 889,168.00 "," 958,414.00 "," 1,035,891.00 "," 1,114,590.00 "," 1,185,029.00 "," 1,240,862.00 "," 1,278,269.00 "," 1,300,217.00 "," 1,315,411.00 "," 1,336,397.00 "," 1,371,855.00 "
 Bangladesh ," 118,706,871.00 "," 121,269,645.00 "," 123,854,640.00 "," 126,447,965.00 "," 129,029,691.00 "," 131,581,243.00 "," 134,107,160.00 "," 136,600,667.00 "," 139,019,001.00 "," 141,307,489.00 "," 143,431,101.00 "," 145,368,004.00 "," 147,139,191.00 "," 148,805,814.00 "," 150,454,708.00 "," 152,149,102.00 "," 153,911,916.00 "," 155,727,053.00 "," 157,571,292.00 "," 159,405,279.00 "," 161,200,886.00 "
 Barbados ," 264,959.00 "," 265,942.00 "," 266,945.00 "," 267,950.00 "," 268,922.00 "," 269,847.00 "," 270,685.00 "," 271,478.00 "," 272,258.00 "," 273,091.00 "," 274,009.00 "," 275,039.00 "," 276,150.00 "," 277,319.00 "," 278,470.00 "," 279,569.00 "," 280,601.00 "," 281,585.00 "," 282,509.00 "," 283,385.00 "," 284,217.00 "
 Belarus ," 10,194,000.00 "," 10,160,000.00 "," 10,117,000.00 "," 10,069,000.00 "," 10,026,738.00 "," 9,979,610.00 "," 9,928,549.00 "," 9,865,548.00 "," 9,796,749.00 "," 9,730,146.00 "," 9,663,915.00 "," 9,604,924.00 "," 9,560,953.00 "," 9,527,985.00 "," 9,506,765.00 "," 9,490,583.00 "," 9,473,172.00 "," 9,464,495.00 "," 9,465,997.00 "," 9,474,511.00 "," 9,489,616.00 "
 Belgium ," 10,136,811.00 "," 10,156,637.00 "," 10,181,245.00 "," 10,203,008.00 "," 10,226,419.00 "," 10,251,250.00 "," 10,286,570.00 "," 10,332,785.00 "," 10,376,133.00 "," 10,421,137.00 "," 10,478,617.00 "," 10,547,958.00 "," 10,625,700.00 "," 10,709,973.00 "," 10,796,493.00 "," 10,895,586.00 "," 11,047,744.00 "," 11,128,246.00 "," 11,182,817.00 "," 11,209,057.00 "," 11,274,196.00 "
 Belize ," 206,963.00 "," 213,676.00 "," 221,606.00 "," 230,284.00 "," 239,026.00 "," 247,315.00 "," 254,984.00 "," 262,206.00 "," 269,130.00 "," 276,089.00 "," 283,277.00 "," 290,747.00 "," 298,407.00 "," 306,165.00 "," 313,929.00 "," 321,608.00 "," 329,192.00 "," 336,701.00 "," 344,181.00 "," 351,694.00 "," 359,288.00 "
 Benin ," 5,905,558.00 "," 6,094,259.00 "," 6,281,639.00 "," 6,470,265.00 "," 6,664,098.00 "," 6,865,951.00 "," 7,076,733.00 "," 7,295,394.00 "," 7,520,555.00 "," 7,750,004.00 "," 7,982,225.00 "," 8,216,896.00 "," 8,454,791.00 "," 8,696,916.00 "," 8,944,706.00 "," 9,199,259.00 "," 9,460,802.00 "," 9,729,160.00 "," 10,004,451.00 "," 10,286,712.00 "," 10,575,952.00 "
 Bermuda ," 59,746.00 "," 60,129.00 "," 60,497.00 "," 60,943.00 "," 61,285.00 "," 61,833.00 "," 62,504.00 "," 62,912.00 "," 63,325.00 "," 63,740.00 "," 64,154.00 "," 64,523.00 "," 64,888.00 "," 65,273.00 "," 65,636.00 "," 65,124.00 "," 64,564.00 "," 64,798.00 "," 65,001.00 "," 65,139.00 "," 65,235.00 "
 Bhutan ," 514,877.00 "," 519,282.00 "," 528,754.00 "," 542,155.00 "," 557,543.00 "," 573,416.00 "," 589,600.00 "," 606,399.00 "," 623,434.00 "," 640,282.00 "," 656,639.00 "," 672,228.00 "," 686,958.00 "," 700,950.00 "," 714,458.00 "," 727,641.00 "," 740,510.00 "," 752,967.00 "," 764,961.00 "," 776,448.00 "," 787,386.00 "
 Bolivia ," 7,566,714.00 "," 7,717,443.00 "," 7,870,855.00 "," 8,026,254.00 "," 8,182,712.00 "," 8,339,512.00 "," 8,496,375.00 "," 8,653,345.00 "," 8,810,420.00 "," 8,967,741.00 "," 9,125,409.00 "," 9,283,334.00 "," 9,441,444.00 "," 9,599,855.00 "," 9,758,748.00 "," 9,918,242.00 "," 10,078,343.00 "," 10,239,004.00 "," 10,400,264.00 "," 10,562,159.00 "," 10,724,705.00 "
 Bosnia and Herzegovina ," 3,843,712.00 "," 3,780,378.00 "," 3,752,431.00 "," 3,750,485.00 "," 3,759,118.00 "," 3,766,706.00 "," 3,771,284.00 "," 3,775,807.00 "," 3,779,247.00 "," 3,781,287.00 "," 3,781,530.00 "," 3,779,468.00 "," 3,774,000.00 "," 3,763,599.00 "," 3,746,561.00 "," 3,722,084.00 "," 3,688,865.00 "," 3,648,200.00 "," 3,604,999.00 "," 3,566,002.00 "," 3,535,961.00 "
 Botswana ," 1,569,094.00 "," 1,604,060.00 "," 1,637,635.00 "," 1,669,625.00 "," 1,699,862.00 "," 1,728,340.00 "," 1,754,935.00 "," 1,779,953.00 "," 1,804,339.00 "," 1,829,330.00 "," 1,855,852.00 "," 1,884,238.00 "," 1,914,414.00 "," 1,946,351.00 "," 1,979,882.00 "," 2,014,866.00 "," 2,051,339.00 "," 2,089,315.00 "," 2,128,507.00 "," 2,168,573.00 "," 2,209,197.00 "
 Brazil ," 162,296,612.00 "," 164,913,306.00 "," 167,545,164.00 "," 170,170,640.00 "," 172,759,243.00 "," 175,287,587.00 "," 177,750,670.00 "," 180,151,021.00 "," 182,482,149.00 "," 184,738,458.00 "," 186,917,361.00 "," 189,012,412.00 "," 191,026,637.00 "," 192,979,029.00 "," 194,895,996.00 "," 196,796,269.00 "," 198,686,688.00 "," 200,560,983.00 "," 202,408,632.00 "," 204,213,133.00 "," 205,962,108.00 "
 British Virgin Islands ," 18,427.00 "," 18,833.00 "," 19,270.00 "," 19,722.00 "," 20,188.00 "," 20,645.00 "," 21,085.00 "," 21,529.00 "," 22,000.00 "," 22,541.00 "," 23,168.00 "," 23,905.00 "," 24,731.00 "," 25,604.00 "," 26,447.00 "," 27,224.00 "," 27,901.00 "," 28,509.00 "," 29,056.00 "," 29,588.00 "," 30,113.00 "
 Brunei Darussalam ," 297,192.00 "," 304,699.00 "," 312,038.00 "," 319,222.00 "," 326,289.00 "," 333,241.00 "," 340,117.00 "," 346,867.00 "," 353,389.00 "," 359,523.00 "," 365,158.00 "," 370,250.00 "," 374,864.00 "," 379,252.00 "," 383,772.00 "," 388,662.00 "," 394,013.00 "," 399,748.00 "," 405,716.00 "," 411,704.00 "," 417,542.00 "
 Bulgaria ," 8,406,067.00 "," 8,362,826.00 "," 8,312,068.00 "," 8,256,786.00 "," 8,210,624.00 "," 8,170,172.00 "," 8,009,142.00 "," 7,837,161.00 "," 7,775,327.00 "," 7,716,860.00 "," 7,658,972.00 "," 7,601,022.00 "," 7,545,338.00 "," 7,492,561.00 "," 7,444,443.00 "," 7,395,599.00 "," 7,348,328.00 "," 7,305,888.00 "," 7,265,115.00 "," 7,223,938.00 "," 7,177,991.00 "
 Burkina Faso ," 10,089,878.00 "," 10,372,745.00 "," 10,665,546.00 "," 10,968,724.00 "," 11,282,701.00 "," 11,607,942.00 "," 11,944,587.00 "," 12,293,100.00 "," 12,654,621.00 "," 13,030,569.00 "," 13,421,930.00 "," 13,829,177.00 "," 14,252,021.00 "," 14,689,726.00 "," 15,141,099.00 "," 15,605,217.00 "," 16,081,904.00 "," 16,571,216.00 "," 17,072,723.00 "," 17,585,977.00 "," 18,110,624.00 "
 Burundi ," 5,962,058.00 "," 6,041,112.00 "," 6,112,097.00 "," 6,186,352.00 "," 6,278,940.00 "," 6,400,706.00 "," 6,555,829.00 "," 6,741,569.00 "," 6,953,113.00 "," 7,182,451.00 "," 7,423,289.00 "," 7,675,338.00 "," 7,939,573.00 "," 8,212,264.00 "," 8,489,031.00 "," 8,766,930.00 "," 9,043,508.00 "," 9,319,710.00 "," 9,600,186.00 "," 9,891,790.00 "," 10,199,270.00 "
 Cabo Verde ," 389,127.00 "," 398,773.00 "," 408,175.00 "," 417,323.00 "," 426,285.00 "," 435,079.00 "," 443,716.00 "," 452,106.00 "," 460,147.00 "," 467,664.00 "," 474,567.00 "," 480,795.00 "," 486,438.00 "," 491,723.00 "," 496,963.00 "," 502,384.00 "," 508,067.00 "," 513,979.00 "," 520,106.00 "," 526,437.00 "," 532,913.00 "
 Cambodia ," 10,653,558.00 "," 10,980,273.00 "," 11,295,880.00 "," 11,597,739.00 "," 11,883,636.00 "," 12,152,354.00 "," 12,402,473.00 "," 12,634,729.00 "," 12,853,124.00 "," 13,063,377.00 "," 13,270,201.00 "," 13,474,489.00 "," 13,676,693.00 "," 13,880,509.00 "," 14,090,208.00 "," 14,308,740.00 "," 14,537,886.00 "," 14,776,866.00 "," 15,022,692.00 "," 15,270,790.00 "," 15,517,635.00 "
 Cameroon ," 13,460,994.00 "," 13,812,472.00 "," 14,165,423.00 "," 14,523,570.00 "," 14,891,891.00 "," 15,274,234.00 "," 15,671,927.00 "," 16,084,886.00 "," 16,513,822.00 "," 16,959,081.00 "," 17,420,795.00 "," 17,899,562.00 "," 18,395,389.00 "," 18,907,008.00 "," 19,432,541.00 "," 19,970,495.00 "," 20,520,447.00 "," 21,082,383.00 "," 21,655,715.00 "," 22,239,904.00 "," 22,834,522.00 "
 Canada ," 29,354,000.00 "," 29,671,900.00 "," 29,987,200.00 "," 30,247,900.00 "," 30,499,200.00 "," 30,769,700.00 "," 31,081,900.00 "," 31,362,000.00 "," 31,676,000.00 "," 31,995,000.00 "," 32,312,000.00 "," 32,570,505.00 "," 32,887,928.00 "," 33,245,773.00 "," 33,628,571.00 "," 34,005,274.00 "," 34,342,780.00 "," 34,750,545.00 "," 35,155,451.00 "," 35,544,564.00 "," 35,848,610.00 "
 Cayman Islands ," 31,672.00 "," 33,536.00 "," 35,597.00 "," 37,740.00 "," 39,808.00 "," 41,687.00 "," 43,316.00 "," 44,738.00 "," 46,028.00 "," 47,299.00 "," 48,622.00 "," 50,031.00 "," 51,483.00 "," 52,926.00 "," 54,279.00 "," 55,507.00 "," 56,579.00 "," 57,523.00 "," 58,371.00 "," 59,172.00 "," 59,963.00 "
 Central African Republic ," 3,352,767.00 "," 3,435,821.00 "," 3,517,309.00 "," 3,597,385.00 "," 3,676,508.00 "," 3,754,986.00 "," 3,832,203.00 "," 3,907,612.00 "," 3,981,665.00 "," 4,055,036.00 "," 4,127,910.00 "," 4,201,758.00 "," 4,275,800.00 "," 4,345,386.00 "," 4,404,230.00 "," 4,448,525.00 "," 4,476,153.00 "," 4,490,416.00 "," 4,499,653.00 "," 4,515,392.00 "," 4,546,100.00 "
 Chad ," 7,000,722.00 "," 7,241,134.00 "," 7,493,251.00 "," 7,759,258.00 "," 8,041,846.00 "," 8,342,559.00 "," 8,663,012.00 "," 9,001,689.00 "," 9,353,201.00 "," 9,710,043.00 "," 10,067,009.00 "," 10,421,597.00 "," 10,775,708.00 "," 11,133,861.00 "," 11,502,786.00 "," 11,887,202.00 "," 12,288,651.00 "," 12,705,135.00 "," 13,133,589.00 "," 13,569,438.00 "," 14,009,413.00 "
 Channel Islands ," 144,046.00 "," 144,829.00 "," 145,715.00 "," 146,671.00 "," 147,687.00 "," 148,725.00 "," 149,793.00 "," 150,901.00 "," 152,038.00 "," 153,170.00 "," 154,294.00 "," 155,411.00 "," 156,513.00 "," 157,581.00 "," 158,603.00 "," 159,581.00 "," 160,497.00 "," 161,358.00 "," 162,180.00 "," 162,969.00 "," 163,758.00 "
 Chile ," 14,296,613.00 "," 14,497,826.00 "," 14,694,835.00 "," 14,887,756.00 "," 15,076,952.00 "," 15,262,754.00 "," 15,444,969.00 "," 15,623,635.00 "," 15,799,542.00 "," 15,973,778.00 "," 16,147,064.00 "," 16,319,792.00 "," 16,491,687.00 "," 16,661,942.00 "," 16,829,442.00 "," 16,993,354.00 "," 17,153,357.00 "," 17,309,746.00 "," 17,462,982.00 "," 17,613,798.00 "," 17,762,681.00 "
 China ," 1,204,855,000.00 "," 1,217,550,000.00 "," 1,230,075,000.00 "," 1,241,935,000.00 "," 1,252,735,000.00 "," 1,262,645,000.00 "," 1,271,850,000.00 "," 1,280,400,000.00 "," 1,288,400,000.00 "," 1,296,075,000.00 "," 1,303,720,000.00 "," 1,311,020,000.00 "," 1,317,885,000.00 "," 1,324,655,000.00 "," 1,331,260,000.00 "," 1,337,705,000.00 "," 1,344,130,000.00 "," 1,350,695,000.00 "," 1,357,380,000.00 "," 1,364,270,000.00 "," 1,371,220,000.00 "
 Colombia ," 37,441,977.00 "," 38,049,038.00 "," 38,645,411.00 "," 39,234,062.00 "," 39,819,279.00 "," 40,403,958.00 "," 40,988,909.00 "," 41,572,491.00 "," 42,152,151.00 "," 42,724,163.00 "," 43,285,634.00 "," 43,835,722.00 "," 44,374,572.00 "," 44,901,544.00 "," 45,416,181.00 "," 45,918,097.00 "," 46,406,646.00 "," 46,881,475.00 "," 47,342,981.00 "," 47,791,911.00 "," 48,228,697.00 "
 Comoros ," 475,394.00 "," 488,627.00 "," 501,953.00 "," 515,385.00 "," 528,848.00 "," 542,357.00 "," 555,888.00 "," 569,479.00 "," 583,211.00 "," 597,228.00 "," 611,627.00 "," 626,425.00 "," 641,620.00 "," 657,229.00 "," 673,252.00 "," 689,692.00 "," 706,569.00 "," 723,868.00 "," 741,500.00 "," 759,385.00 "," 777,424.00 "
" Congo, Dem. Rep. "," 41,595,744.00 "," 42,770,544.00 "," 43,830,146.00 "," 44,840,529.00 "," 45,898,667.00 "," 47,076,387.00 "," 48,394,338.00 "," 49,835,756.00 "," 51,390,033.00 "," 53,034,217.00 "," 54,751,476.00 "," 56,543,011.00 "," 58,417,562.00 "," 60,373,608.00 "," 62,409,435.00 "," 64,523,263.00 "," 66,713,597.00 "," 68,978,682.00 "," 71,316,033.00 "," 73,722,860.00 "," 76,196,619.00 "
" Congo, Rep. "," 2,799,255.00 "," 2,879,222.00 "," 2,962,470.00 "," 3,048,453.00 "," 3,136,344.00 "," 3,225,727.00 "," 3,315,806.00 "," 3,407,180.00 "," 3,502,519.00 "," 3,605,439.00 "," 3,718,243.00 "," 3,842,365.00 "," 3,976,246.00 "," 4,115,435.00 "," 4,253,712.00 "," 4,386,693.00 "," 4,512,730.00 "," 4,633,363.00 "," 4,751,393.00 "," 4,871,101.00 "," 4,995,648.00 "
 Costa Rica ," 3,510,926.00 "," 3,596,732.00 "," 3,682,725.00 "," 3,767,373.00 "," 3,848,723.00 "," 3,925,443.00 "," 3,996,798.00 "," 4,063,204.00 "," 4,125,971.00 "," 4,187,038.00 "," 4,247,841.00 "," 4,308,794.00 "," 4,369,469.00 "," 4,429,508.00 "," 4,488,263.00 "," 4,545,280.00 "," 4,600,474.00 "," 4,654,122.00 "," 4,706,401.00 "," 4,757,575.00 "," 4,807,852.00 "
 Cote d'Ivoire ," 14,540,820.00 "," 14,995,249.00 "," 15,445,986.00 "," 15,884,552.00 "," 16,300,233.00 "," 16,686,561.00 "," 17,040,152.00 "," 17,366,517.00 "," 17,679,355.00 "," 17,997,738.00 "," 18,336,303.00 "," 18,699,435.00 "," 19,085,941.00 "," 19,497,986.00 "," 19,936,366.00 "," 20,401,331.00 "," 20,895,311.00 "," 21,418,603.00 "," 21,966,312.00 "," 22,531,350.00 "," 23,108,472.00 "
 Croatia ," 4,669,000.00 "," 4,494,000.00 "," 4,572,000.00 "," 4,501,000.00 "," 4,554,000.00 "," 4,426,000.00 "," 4,440,000.00 "," 4,440,000.00 "," 4,440,000.00 "," 4,439,000.00 "," 4,442,000.00 "," 4,440,000.00 "," 4,436,000.00 "," 4,434,508.00 "," 4,429,078.00 "," 4,417,781.00 "," 4,280,622.00 "," 4,267,558.00 "," 4,255,689.00 "," 4,238,389.00 "," 4,203,604.00 "
 Cuba ," 10,906,043.00 "," 10,961,012.00 "," 11,013,983.00 "," 11,064,097.00 "," 11,110,004.00 "," 11,150,736.00 "," 11,186,542.00 "," 11,217,998.00 "," 11,244,885.00 "," 11,266,941.00 "," 11,284,253.00 "," 11,296,233.00 "," 11,303,687.00 "," 11,309,754.00 "," 11,318,602.00 "," 11,333,051.00 "," 11,354,651.00 "," 11,382,146.00 "," 11,412,167.00 "," 11,439,767.00 "," 11,461,432.00 "
 Curacao ," 145,139.00 "," 146,306.00 "," 146,956.00 "," 144,472.00 "," 139,428.00 "," 133,860.00 "," 129,047.00 "," 129,205.00 "," 131,897.00 "," 134,192.00 "," 137,658.00 "," 141,239.00 "," 144,056.00 "," 145,880.00 "," 146,833.00 "," 148,703.00 "," 150,831.00 "," 152,088.00 "," 153,822.00 "," 155,909.00 "," 157,979.00 "
 Cyprus ," 855,384.00 "," 873,423.00 "," 891,192.00 "," 908,704.00 "," 926,050.00 "," 943,286.00 "," 960,282.00 "," 976,966.00 "," 993,563.00 "," 1,010,410.00 "," 1,027,658.00 "," 1,045,509.00 "," 1,063,712.00 "," 1,081,563.00 "," 1,098,076.00 "," 1,112,607.00 "," 1,124,835.00 "," 1,135,062.00 "," 1,143,896.00 "," 1,152,309.00 "," 1,160,985.00 "
 Czech Republic ," 10,327,253.00 "," 10,315,241.00 "," 10,304,131.00 "," 10,294,373.00 "," 10,283,860.00 "," 10,255,063.00 "," 10,216,605.00 "," 10,196,916.00 "," 10,193,998.00 "," 10,197,101.00 "," 10,211,216.00 "," 10,238,905.00 "," 10,298,828.00 "," 10,384,603.00 "," 10,443,936.00 "," 10,474,410.00 "," 10,496,088.00 "," 10,510,785.00 "," 10,514,272.00 "," 10,525,347.00 "," 10,546,059.00 "
 Denmark ," 5,233,373.00 "," 5,263,074.00 "," 5,284,991.00 "," 5,304,219.00 "," 5,321,799.00 "," 5,339,616.00 "," 5,358,783.00 "," 5,375,931.00 "," 5,390,574.00 "," 5,404,523.00 "," 5,419,432.00 "," 5,437,272.00 "," 5,461,438.00 "," 5,493,621.00 "," 5,523,095.00 "," 5,547,683.00 "," 5,570,572.00 "," 5,591,572.00 "," 5,614,932.00 "," 5,643,475.00 "," 5,683,483.00 "
 Djibouti ," 630,388.00 "," 643,682.00 "," 660,953.00 "," 680,612.00 "," 700,099.00 "," 717,584.00 "," 732,711.00 "," 746,221.00 "," 758,615.00 "," 770,752.00 "," 783,254.00 "," 796,208.00 "," 809,402.00 "," 822,934.00 "," 836,840.00 "," 851,146.00 "," 865,937.00 "," 881,185.00 "," 896,688.00 "," 912,164.00 "," 927,414.00 "
 Dominica ," 71,368.00 "," 71,145.00 "," 70,753.00 "," 70,290.00 "," 69,903.00 "," 69,676.00 "," 69,670.00 "," 69,824.00 "," 70,093.00 "," 70,379.00 "," 70,627.00 "," 70,807.00 "," 70,950.00 "," 71,074.00 "," 71,229.00 "," 71,440.00 "," 71,718.00 "," 72,044.00 "," 72,400.00 "," 72,778.00 "," 73,162.00 "
 Dominican Republic ," 7,892,423.00 "," 8,029,113.00 "," 8,163,472.00 "," 8,296,375.00 "," 8,429,112.00 "," 8,562,622.00 "," 8,697,126.00 "," 8,832,285.00 "," 8,967,760.00 "," 9,102,998.00 "," 9,237,566.00 "," 9,371,338.00 "," 9,504,353.00 "," 9,636,520.00 "," 9,767,758.00 "," 9,897,985.00 "," 10,027,095.00 "," 10,154,950.00 "," 10,281,296.00 "," 10,405,844.00 "," 10,528,394.00 "
 Ecuador ," 11,440,583.00 "," 11,683,479.00 "," 11,924,993.00 "," 12,163,885.00 "," 12,398,691.00 "," 12,628,596.00 "," 12,852,755.00 "," 13,072,060.00 "," 13,289,601.00 "," 13,509,647.00 "," 13,735,233.00 "," 13,967,480.00 "," 14,205,453.00 "," 14,447,562.00 "," 14,691,275.00 "," 14,934,690.00 "," 15,177,355.00 "," 15,419,666.00 "," 15,661,547.00 "," 15,903,112.00 "," 16,144,368.00 "
" Egypt, Arab Rep. "," 63,714,386.00 "," 64,933,456.00 "," 66,151,117.00 "," 67,378,056.00 "," 68,626,664.00 "," 69,905,988.00 "," 71,226,940.00 "," 72,590,118.00 "," 73,981,942.00 "," 75,381,899.00 "," 76,778,149.00 "," 78,159,048.00 "," 79,537,253.00 "," 80,953,881.00 "," 82,465,022.00 "," 84,107,606.00 "," 85,897,561.00 "," 87,813,257.00 "," 89,807,433.00 "," 91,812,566.00 "," 93,778,172.00 "
 El Salvador ," 5,611,115.00 "," 5,671,925.00 "," 5,727,755.00 "," 5,778,706.00 "," 5,825,187.00 "," 5,867,626.00 "," 5,905,962.00 "," 5,940,303.00 "," 5,971,535.00 "," 6,000,775.00 "," 6,028,961.00 "," 6,056,478.00 "," 6,083,475.00 "," 6,110,301.00 "," 6,137,276.00 "," 6,164,626.00 "," 6,192,560.00 "," 6,221,246.00 "," 6,250,777.00 "," 6,281,189.00 "," 6,312,478.00 "
 Equatorial Guinea ," 504,871.00 "," 523,999.00 "," 544,636.00 "," 566,673.00 "," 589,938.00 "," 614,323.00 "," 639,762.00 "," 666,407.00 "," 694,611.00 "," 724,817.00 "," 757,317.00 "," 792,217.00 "," 829,327.00 "," 868,418.00 "," 909,111.00 "," 951,104.00 "," 994,290.00 "," 1,038,593.00 "," 1,083,746.00 "," 1,129,424.00 "," 1,175,389.00 "
 Eritrea ," 3,090,159.00 "," 3,116,379.00 "," 3,161,350.00 "," 3,224,223.00 "," 3,302,263.00 "," 3,392,801.00 "," 3,497,124.00 "," 3,614,639.00 "," 3,738,265.00 "," 3,858,623.00 "," 3,969,007.00 "," 4,066,648.00 "," 4,153,332.00 "," 4,232,636.00 "," 4,310,334.00 "," 4,390,840.00 "," 4,474,690.00 ",,,,
 Estonia ," 1,436,634.00 "," 1,415,594.00 "," 1,399,535.00 "," 1,386,156.00 "," 1,390,244.00 "," 1,396,985.00 "," 1,388,115.00 "," 1,379,350.00 "," 1,370,720.00 "," 1,362,550.00 "," 1,354,775.00 "," 1,346,810.00 "," 1,340,680.00 "," 1,337,090.00 "," 1,334,515.00 "," 1,331,475.00 "," 1,327,439.00 "," 1,322,696.00 "," 1,317,997.00 "," 1,314,545.00 "," 1,315,407.00 "
 Ethiopia ," 57,309,880.00 "," 59,155,148.00 "," 60,976,450.00 "," 62,794,151.00 "," 64,640,054.00 "," 66,537,331.00 "," 68,492,257.00 "," 70,497,192.00 "," 72,545,144.00 "," 74,624,405.00 "," 76,727,083.00 "," 78,850,689.00 "," 81,000,409.00 "," 83,184,892.00 "," 85,416,253.00 "," 87,702,670.00 "," 90,046,756.00 "," 92,444,183.00 "," 94,887,724.00 "," 97,366,774.00 "," 99,873,033.00 "
 Faroe Islands ," 46,040.00 "," 46,058.00 "," 46,251.00 "," 46,580.00 "," 46,937.00 "," 47,258.00 "," 47,526.00 "," 47,769.00 "," 47,974.00 "," 48,143.00 "," 48,285.00 "," 48,383.00 "," 48,448.00 "," 48,485.00 "," 48,517.00 "," 48,550.00 "," 48,608.00 "," 48,666.00 "," 48,747.00 "," 48,842.00 "," 48,965.00 "
 Fiji ," 775,498.00 "," 784,476.00 "," 792,860.00 "," 800,315.00 "," 806,494.00 "," 811,223.00 "," 814,218.00 "," 815,691.00 "," 816,628.00 "," 818,354.00 "," 821,817.00 "," 827,411.00 "," 834,812.00 "," 843,340.00 "," 851,967.00 "," 859,950.00 "," 867,086.00 "," 873,596.00 "," 879,715.00 "," 885,806.00 "," 892,149.00 "
 Finland ," 5,107,790.00 "," 5,124,573.00 "," 5,139,835.00 "," 5,153,498.00 "," 5,165,474.00 "," 5,176,209.00 "," 5,188,008.00 "," 5,200,598.00 "," 5,213,014.00 "," 5,228,172.00 "," 5,246,096.00 "," 5,266,268.00 "," 5,288,720.00 "," 5,313,399.00 "," 5,338,871.00 "," 5,363,352.00 "," 5,388,272.00 "," 5,413,971.00 "," 5,438,972.00 "," 5,461,512.00 "," 5,479,531.00 "
 France ," 59,541,900.00 "," 59,753,098.00 "," 59,964,845.00 "," 60,186,291.00 "," 60,496,715.00 "," 60,912,498.00 "," 61,357,431.00 "," 61,805,267.00 "," 62,244,884.00 "," 62,704,897.00 "," 63,179,356.00 "," 63,621,376.00 "," 64,016,229.00 "," 64,374,990.00 "," 64,707,044.00 "," 65,027,512.00 "," 65,342,776.00 "," 65,659,790.00 "," 65,998,570.00 "," 66,331,957.00 "," 66,624,068.00 "
 French Polynesia ," 215,196.00 "," 219,283.00 "," 223,731.00 "," 228,376.00 "," 232,952.00 "," 237,258.00 "," 241,273.00 "," 245,006.00 "," 248,499.00 "," 251,775.00 "," 254,886.00 "," 257,832.00 "," 260,594.00 "," 263,179.00 "," 265,581.00 "," 267,820.00 "," 269,843.00 "," 271,703.00 "," 273,528.00 "," 275,484.00 "," 277,690.00 "
 Gabon ," 1,086,137.00 "," 1,113,994.00 "," 1,142,324.00 "," 1,171,224.00 "," 1,200,773.00 "," 1,231,122.00 "," 1,262,259.00 "," 1,294,409.00 "," 1,328,146.00 "," 1,364,205.00 "," 1,403,126.00 "," 1,444,844.00 "," 1,489,193.00 "," 1,536,411.00 "," 1,586,754.00 "," 1,640,210.00 "," 1,697,101.00 "," 1,756,817.00 "," 1,817,271.00 "," 1,875,713.00 "," 1,930,175.00 "
" Gambia, The "," 1,066,223.00 "," 1,096,708.00 "," 1,128,169.00 "," 1,160,944.00 "," 1,195,420.00 "," 1,231,844.00 "," 1,270,495.00 "," 1,311,349.00 "," 1,354,194.00 "," 1,398,573.00 "," 1,444,204.00 "," 1,491,021.00 "," 1,539,116.00 "," 1,588,572.00 "," 1,639,560.00 "," 1,692,149.00 "," 1,746,363.00 "," 1,802,125.00 "," 1,859,324.00 "," 1,917,852.00 "," 1,977,590.00 "
 Georgia ," 4,734,000.00 "," 4,616,100.00 "," 4,531,600.00 "," 4,487,300.00 "," 4,452,500.00 "," 4,418,300.00 "," 4,386,400.00 "," 4,357,000.00 "," 4,301,000.00 "," 4,245,000.00 "," 4,190,000.00 "," 4,136,000.00 "," 4,082,000.00 "," 4,030,000.00 "," 3,978,000.00 "," 3,926,000.00 "," 3,875,000.00 "," 3,825,000.00 "," 3,776,000.00 "," 3,727,000.00 "," 3,717,100.00 "
 Germany ," 81,678,051.00 "," 81,914,831.00 "," 82,034,771.00 "," 82,047,195.00 "," 82,100,243.00 "," 82,211,508.00 "," 82,349,925.00 "," 82,488,495.00 "," 82,534,176.00 "," 82,516,260.00 "," 82,469,422.00 "," 82,376,451.00 "," 82,266,372.00 "," 82,110,097.00 "," 81,902,307.00 "," 81,776,930.00 "," 80,274,983.00 "," 80,425,823.00 "," 80,645,605.00 "," 80,982,500.00 "," 81,686,611.00 "
 Ghana ," 16,760,467.00 "," 17,185,608.00 "," 17,608,812.00 "," 18,036,494.00 "," 18,477,612.00 "," 18,938,762.00 "," 19,421,605.00 "," 19,924,522.00 "," 20,446,782.00 "," 20,986,536.00 "," 21,542,009.00 "," 22,113,425.00 "," 22,700,212.00 "," 23,298,640.00 "," 23,903,831.00 "," 24,512,104.00 "," 25,121,796.00 "," 25,733,049.00 "," 26,346,251.00 "," 26,962,563.00 "," 27,582,821.00 "
 Gibraltar ," 30,147.00 "," 30,382.00 "," 30,594.00 "," 30,801.00 "," 30,991.00 "," 31,180.00 "," 31,374.00 "," 31,544.00 "," 31,720.00 "," 31,896.00 "," 32,085.00 "," 32,296.00 "," 32,510.00 "," 32,732.00 "," 32,956.00 "," 33,189.00 "," 33,405.00 "," 33,623.00 "," 33,831.00 "," 34,038.00 "," 34,228.00 "
 Greece ," 10,562,153.00 "," 10,608,800.00 "," 10,661,259.00 "," 10,720,509.00 "," 10,761,698.00 "," 10,805,808.00 "," 10,862,132.00 "," 10,902,022.00 "," 10,928,070.00 "," 10,955,141.00 "," 10,987,314.00 "," 11,020,362.00 "," 11,048,473.00 "," 11,077,841.00 "," 11,107,017.00 "," 11,121,341.00 "," 11,104,899.00 "," 11,045,011.00 "," 10,965,211.00 "," 10,892,413.00 "," 10,820,883.00 "
 Greenland ," 55,800.00 "," 55,900.00 "," 56,000.00 "," 56,100.00 "," 56,100.00 "," 56,200.00 "," 56,350.00 "," 56,609.00 "," 56,765.00 "," 56,911.00 "," 56,935.00 "," 56,774.00 "," 56,555.00 "," 56,328.00 "," 56,323.00 "," 56,905.00 "," 56,890.00 "," 56,810.00 "," 56,483.00 "," 56,295.00 "," 56,114.00 "
 Grenada ," 100,255.00 "," 100,796.00 "," 101,122.00 "," 101,309.00 "," 101,442.00 "," 101,619.00 "," 101,849.00 "," 102,100.00 "," 102,375.00 "," 102,656.00 "," 102,949.00 "," 103,259.00 "," 103,586.00 "," 103,930.00 "," 104,296.00 "," 104,677.00 "," 105,075.00 "," 105,481.00 "," 105,909.00 "," 106,360.00 "," 106,823.00 "
 Guam ," 145,561.00 "," 148,060.00 "," 150,303.00 "," 152,277.00 "," 153,953.00 "," 155,329.00 "," 156,401.00 "," 157,175.00 "," 157,714.00 "," 158,099.00 "," 158,402.00 "," 158,648.00 "," 158,855.00 "," 159,035.00 "," 159,231.00 "," 159,444.00 "," 159,678.00 "," 159,973.00 "," 160,375.00 "," 160,967.00 "," 161,797.00 "
 Guatemala ," 10,408,489.00 "," 10,646,674.00 "," 10,887,634.00 "," 11,133,501.00 "," 11,387,203.00 "," 11,650,743.00 "," 11,924,946.00 "," 12,208,848.00 "," 12,500,478.00 "," 12,796,925.00 "," 13,096,028.00 "," 13,397,008.00 "," 13,700,286.00 "," 14,006,366.00 "," 14,316,208.00 "," 14,630,417.00 "," 14,948,919.00 "," 15,271,056.00 "," 15,596,214.00 "," 15,923,559.00 "," 16,252,429.00 "
 Guinea ," 7,871,173.00 "," 8,132,552.00 "," 8,337,988.00 "," 8,503,297.00 "," 8,653,769.00 "," 8,808,546.00 "," 8,971,139.00 "," 9,137,345.00 "," 9,309,848.00 "," 9,490,229.00 "," 9,679,745.00 "," 9,881,428.00 "," 10,096,727.00 "," 10,323,142.00 "," 10,556,524.00 "," 10,794,170.00 "," 11,035,170.00 "," 11,281,469.00 "," 11,536,615.00 "," 11,805,509.00 "," 12,091,533.00 "
 Guinea-Bissau ," 1,137,122.00 "," 1,159,060.00 "," 1,179,727.00 "," 1,199,915.00 "," 1,220,794.00 "," 1,243,229.00 "," 1,267,512.00 "," 1,293,523.00 "," 1,321,202.00 "," 1,350,345.00 "," 1,380,838.00 "," 1,412,669.00 "," 1,445,958.00 "," 1,480,841.00 "," 1,517,448.00 "," 1,555,880.00 "," 1,596,154.00 "," 1,638,139.00 "," 1,681,495.00 "," 1,725,744.00 "," 1,770,526.00 "
 Guyana ," 761,291.00 "," 761,861.00 "," 760,510.00 "," 757,952.00 "," 755,278.00 "," 753,301.00 "," 752,263.00 "," 751,884.00 "," 751,857.00 "," 751,652.00 "," 750,946.00 "," 749,601.00 "," 747,869.00 "," 746,314.00 "," 745,693.00 "," 746,556.00 "," 749,100.00 "," 753,091.00 "," 758,081.00 "," 763,393.00 "," 768,514.00 "
 Haiti ," 7,819,806.00 "," 7,965,553.00 "," 8,111,951.00 "," 8,258,483.00 "," 8,404,398.00 "," 8,549,200.00 "," 8,692,567.00 "," 8,834,733.00 "," 8,976,552.00 "," 9,119,178.00 "," 9,263,404.00 "," 9,409,457.00 "," 9,556,889.00 "," 9,705,029.00 "," 9,852,870.00 "," 9,999,617.00 "," 10,145,054.00 "," 10,289,210.00 "," 10,431,776.00 "," 10,572,466.00 "," 10,711,061.00 "
 Honduras ," 5,709,051.00 "," 5,867,849.00 "," 6,028,882.00 "," 6,192,026.00 "," 6,357,221.00 "," 6,524,283.00 "," 6,693,061.00 "," 6,863,157.00 "," 7,033,821.00 "," 7,204,153.00 "," 7,373,430.00 "," 7,541,406.00 "," 7,707,972.00 "," 7,872,658.00 "," 8,035,021.00 "," 8,194,778.00 "," 8,351,600.00 "," 8,505,646.00 "," 8,657,785.00 "," 8,809,216.00 "," 8,960,829.00 "
" Hong Kong SAR, China "," 6,156,100.00 "," 6,435,500.00 "," 6,489,300.00 "," 6,543,700.00 "," 6,606,500.00 "," 6,665,000.00 "," 6,714,300.00 "," 6,744,100.00 "," 6,730,800.00 "," 6,783,500.00 "," 6,813,200.00 "," 6,857,100.00 "," 6,916,300.00 "," 6,957,800.00 "," 6,972,800.00 "," 7,024,200.00 "," 7,071,600.00 "," 7,154,600.00 "," 7,187,500.00 "," 7,241,700.00 "," 7,305,700.00 "
 Hungary ," 10,328,965.00 "," 10,311,238.00 "," 10,290,486.00 "," 10,266,570.00 "," 10,237,530.00 "," 10,210,971.00 "," 10,187,576.00 "," 10,158,608.00 "," 10,129,552.00 "," 10,107,146.00 "," 10,087,065.00 "," 10,071,370.00 "," 10,055,780.00 "," 10,038,188.00 "," 10,022,650.00 "," 10,000,023.00 "," 9,971,727.00 "," 9,920,362.00 "," 9,893,082.00 "," 9,866,468.00 "," 9,843,028.00 "
 Iceland ," 267,468.00 "," 268,916.00 "," 271,128.00 "," 274,047.00 "," 277,381.00 "," 281,205.00 "," 284,968.00 "," 287,523.00 "," 289,521.00 "," 292,074.00 "," 296,734.00 "," 303,782.00 "," 311,566.00 "," 317,414.00 "," 318,499.00 "," 318,041.00 "," 319,014.00 "," 320,716.00 "," 323,764.00 "," 327,386.00 "," 330,815.00 "
 India ," 960,482,795.00 "," 978,893,217.00 "," 997,405,318.00 "," 1,015,974,042.00 "," 1,034,539,214.00 "," 1,053,050,912.00 "," 1,071,477,855.00 "," 1,089,807,112.00 "," 1,108,027,848.00 "," 1,126,135,777.00 "," 1,144,118,674.00 "," 1,161,977,719.00 "," 1,179,681,239.00 "," 1,197,146,906.00 "," 1,214,270,132.00 "," 1,230,980,691.00 "," 1,247,236,029.00 "," 1,263,065,852.00 "," 1,278,562,207.00 "," 1,293,859,294.00 "," 1,309,053,980.00 "
 Indonesia ," 196,957,849.00 "," 199,914,831.00 "," 202,826,465.00 "," 205,715,544.00 "," 208,612,556.00 "," 211,540,429.00 "," 214,506,502.00 "," 217,508,059.00 "," 220,545,214.00 "," 223,614,649.00 "," 226,712,730.00 "," 229,838,202.00 "," 232,989,141.00 "," 236,159,276.00 "," 239,340,478.00 "," 242,524,123.00 "," 245,707,511.00 "," 248,883,232.00 "," 252,032,263.00 "," 255,131,116.00 "," 258,162,113.00 "
" Iran, Islamic Rep. "," 60,575,644.00 "," 61,583,089.00 "," 62,710,557.00 "," 63,900,630.00 "," 65,062,660.00 "," 66,131,854.00 "," 67,096,414.00 "," 67,983,330.00 "," 68,812,713.00 "," 69,617,100.00 "," 70,421,811.00 "," 71,227,880.00 "," 72,031,103.00 "," 72,845,542.00 "," 73,687,565.00 "," 74,567,511.00 "," 75,491,582.00 "," 76,453,574.00 "," 77,435,384.00 "," 78,411,092.00 "," 79,360,487.00 "
 Iraq ," 20,208,387.00 "," 20,845,893.00 "," 21,509,291.00 "," 22,190,250.00 "," 22,878,156.00 "," 23,565,413.00 "," 24,251,649.00 "," 24,939,299.00 "," 25,627,626.00 "," 26,316,609.00 "," 27,008,426.00 "," 27,697,912.00 "," 28,390,433.00 "," 29,111,417.00 "," 29,894,652.00 "," 30,762,701.00 "," 31,727,053.00 "," 32,776,571.00 "," 33,883,145.00 "," 35,006,080.00 "," 36,115,649.00 "
 Ireland ," 3,608,841.00 "," 3,637,510.00 "," 3,674,171.00 "," 3,712,696.00 "," 3,754,786.00 "," 3,805,174.00 "," 3,866,243.00 "," 3,931,947.00 "," 3,996,521.00 "," 4,070,262.00 "," 4,159,914.00 "," 4,273,591.00 "," 4,398,942.00 "," 4,489,544.00 "," 4,535,375.00 "," 4,560,155.00 "," 4,576,794.00 "," 4,586,897.00 "," 4,598,294.00 "," 4,617,225.00 "," 4,676,835.00 "
 Isle of Man ," 70,070.00 "," 70,431.00 "," 70,869.00 "," 71,390.00 "," 71,952.00 "," 72,554.00 "," 73,192.00 "," 73,870.00 "," 74,587.00 "," 75,341.00 "," 76,118.00 "," 76,914.00 "," 77,727.00 "," 78,534.00 "," 79,325.00 "," 80,072.00 "," 80,759.00 "," 81,406.00 "," 82,013.00 "," 82,590.00 "," 83,167.00 "
 Israel ," 5,545,000.00 "," 5,692,000.00 "," 5,836,000.00 "," 5,971,000.00 "," 6,125,000.00 "," 6,289,000.00 "," 6,439,000.00 "," 6,570,000.00 "," 6,689,700.00 "," 6,809,000.00 "," 6,930,100.00 "," 7,053,700.00 "," 7,180,100.00 "," 7,308,800.00 "," 7,485,600.00 "," 7,623,600.00 "," 7,765,800.00 "," 7,910,500.00 "," 8,059,500.00 "," 8,215,700.00 "," 8,380,100.00 "
 Italy ," 56,844,303.00 "," 56,860,281.00 "," 56,890,372.00 "," 56,906,744.00 "," 56,916,317.00 "," 56,942,108.00 "," 56,974,100.00 "," 57,059,007.00 "," 57,313,203.00 "," 57,685,327.00 "," 57,969,484.00 "," 58,143,979.00 "," 58,438,310.00 "," 58,826,731.00 "," 59,095,365.00 "," 59,277,417.00 "," 59,379,449.00 "," 59,539,717.00 "," 60,233,948.00 "," 60,789,140.00 "," 60,730,582.00 "
 Jamaica ," 2,537,440.00 "," 2,561,993.00 "," 2,586,827.00 "," 2,611,367.00 "," 2,634,882.00 "," 2,656,864.00 "," 2,677,011.00 "," 2,695,446.00 "," 2,712,511.00 "," 2,728,777.00 "," 2,744,673.00 "," 2,760,279.00 "," 2,775,467.00 "," 2,790,122.00 "," 2,804,082.00 "," 2,817,210.00 "," 2,829,493.00 "," 2,840,992.00 "," 2,851,807.00 "," 2,862,087.00 "," 2,871,934.00 "
 Japan ," 125,439,000.00 "," 125,757,000.00 "," 126,057,000.00 "," 126,400,000.00 "," 126,631,000.00 "," 126,843,000.00 "," 127,149,000.00 "," 127,445,000.00 "," 127,718,000.00 "," 127,761,000.00 "," 127,773,000.00 "," 127,854,000.00 "," 128,001,000.00 "," 128,063,000.00 "," 128,047,000.00 "," 128,070,000.00 "," 127,833,000.00 "," 127,629,000.00 "," 127,445,000.00 "," 127,276,000.00 "," 127,141,000.00 "
 Jordan ," 4,572,904.00 "," 4,716,373.00 "," 4,832,267.00 "," 4,927,912.00 "," 5,014,899.00 "," 5,103,130.00 "," 5,193,482.00 "," 5,287,488.00 "," 5,396,774.00 "," 5,535,595.00 "," 5,714,111.00 "," 5,934,232.00 "," 6,193,191.00 "," 6,489,822.00 "," 6,821,116.00 "," 7,182,390.00 "," 7,574,943.00 "," 7,992,573.00 "," 8,413,464.00 "," 8,809,306.00 "," 9,159,302.00 "
 Kazakhstan ," 15,815,626.00 "," 15,577,894.00 "," 15,333,703.00 "," 15,071,300.00 "," 14,928,426.00 "," 14,883,626.00 "," 14,858,335.00 "," 14,858,948.00 "," 14,909,018.00 "," 15,012,985.00 "," 15,147,029.00 "," 15,308,084.00 "," 15,484,192.00 "," 15,674,000.00 "," 16,092,701.00 "," 16,321,581.00 "," 16,556,600.00 "," 16,791,425.00 "," 17,035,275.00 "," 17,289,224.00 "," 17,544,126.00 "
 Kenya ," 27,346,456.00 "," 28,147,734.00 "," 28,954,114.00 "," 29,769,803.00 "," 30,600,397.00 "," 31,450,483.00 "," 32,321,482.00 "," 33,214,009.00 "," 34,130,852.00 "," 35,074,931.00 "," 36,048,288.00 "," 37,052,050.00 "," 38,085,909.00 "," 39,148,416.00 "," 40,237,204.00 "," 41,350,152.00 "," 42,486,839.00 "," 43,646,629.00 "," 44,826,849.00 "," 46,024,250.00 "," 47,236,259.00 "
 Kiribati ," 77,730.00 "," 78,907.00 "," 80,184.00 "," 81,550.00 "," 82,966.00 "," 84,406.00 "," 85,858.00 "," 87,343.00 "," 88,895.00 "," 90,542.00 "," 92,325.00 "," 94,260.00 "," 96,311.00 "," 98,440.00 "," 100,568.00 "," 102,652.00 "," 104,656.00 "," 106,613.00 "," 108,535.00 "," 110,458.00 "," 112,407.00 "
" Korea, Rep. "," 45,092,991.00 "," 45,524,681.00 "," 45,953,580.00 "," 46,286,503.00 "," 46,616,677.00 "," 47,008,111.00 "," 47,370,164.00 "," 47,644,736.00 "," 47,892,330.00 "," 48,082,519.00 "," 48,184,561.00 "," 48,438,292.00 "," 48,683,638.00 "," 49,054,708.00 "," 49,307,835.00 "," 49,554,112.00 "," 49,936,638.00 "," 50,199,853.00 "," 50,428,893.00 "," 50,746,659.00 "," 51,014,947.00 "
 Kosovo ," 2,029,000.00 "," 2,059,000.00 "," 2,086,000.00 "," 1,966,000.00 "," 1,762,000.00 "," 1,700,000.00 "," 1,701,154.00 "," 1,702,310.00 "," 1,703,466.00 "," 1,704,622.00 "," 1,705,780.00 "," 1,719,536.00 "," 1,733,404.00 "," 1,747,383.00 "," 1,761,474.00 "," 1,775,680.00 "," 1,791,000.00 "," 1,805,200.00 "," 1,824,100.00 "," 1,821,800.00 "," 1,801,800.00 "
 Kuwait ," 1,610,651.00 "," 1,631,740.00 "," 1,715,314.00 "," 1,836,353.00 "," 1,957,066.00 "," 2,050,741.00 "," 2,109,355.00 "," 2,143,833.00 "," 2,169,118.00 "," 2,207,939.00 "," 2,276,623.00 "," 2,377,258.00 "," 2,503,410.00 "," 2,652,340.00 "," 2,818,939.00 "," 2,998,083.00 "," 3,191,051.00 "," 3,395,556.00 "," 3,598,385.00 "," 3,782,450.00 "," 3,935,794.00 "
 Kyrgyz Republic ," 4,560,400.00 "," 4,628,400.00 "," 4,696,400.00 "," 4,769,000.00 "," 4,840,400.00 "," 4,898,400.00 "," 4,945,100.00 "," 4,990,700.00 "," 5,043,300.00 "," 5,104,700.00 "," 5,162,600.00 "," 5,218,400.00 "," 5,268,400.00 "," 5,318,700.00 "," 5,383,300.00 "," 5,447,900.00 "," 5,514,600.00 "," 5,607,200.00 "," 5,719,600.00 "," 5,835,500.00 "," 5,956,900.00 "
 Lao PDR ," 4,851,923.00 "," 4,957,180.00 "," 5,056,519.00 "," 5,150,763.00 "," 5,241,284.00 "," 5,329,304.00 "," 5,414,568.00 "," 5,497,273.00 "," 5,579,656.00 "," 5,664,605.00 "," 5,754,026.00 "," 5,849,356.00 "," 5,949,787.00 "," 6,052,190.00 "," 6,152,036.00 "," 6,246,274.00 "," 6,333,487.00 "," 6,415,169.00 "," 6,494,557.00 "," 6,576,397.00 "," 6,663,967.00 "
 Latvia ," 2,485,056.00 "," 2,457,222.00 "," 2,432,851.00 "," 2,410,019.00 "," 2,390,482.00 "," 2,367,550.00 "," 2,337,170.00 "," 2,310,173.00 "," 2,287,955.00 "," 2,263,122.00 "," 2,238,799.00 "," 2,218,357.00 "," 2,200,325.00 "," 2,177,322.00 "," 2,141,669.00 "," 2,097,555.00 "," 2,059,709.00 "," 2,034,319.00 "," 2,012,647.00 "," 1,993,782.00 "," 1,977,527.00 "
 Lebanon ," 3,033,394.00 "," 3,070,960.00 "," 3,092,670.00 "," 3,113,951.00 "," 3,156,646.00 "," 3,235,366.00 "," 3,359,859.00 "," 3,522,837.00 "," 3,701,464.00 "," 3,863,267.00 "," 3,986,852.00 "," 4,057,350.00 "," 4,086,466.00 "," 4,111,047.00 "," 4,183,156.00 "," 4,337,141.00 "," 4,588,368.00 "," 4,916,404.00 "," 5,276,102.00 "," 5,603,279.00 "," 5,851,479.00 "
 Lesotho ," 1,761,359.00 "," 1,787,273.00 "," 1,810,453.00 "," 1,831,298.00 "," 1,850,527.00 "," 1,868,699.00 "," 1,885,955.00 "," 1,902,312.00 "," 1,918,097.00 "," 1,933,728.00 "," 1,949,543.00 "," 1,965,662.00 "," 1,982,287.00 "," 1,999,930.00 "," 2,019,209.00 "," 2,040,551.00 "," 2,064,166.00 "," 2,089,928.00 "," 2,117,361.00 "," 2,145,785.00 "," 2,174,645.00 "
 Liberia ," 2,073,482.00 "," 2,191,179.00 "," 2,358,469.00 "," 2,551,062.00 "," 2,734,518.00 "," 2,884,522.00 "," 2,991,132.00 "," 3,062,863.00 "," 3,116,233.00 "," 3,176,414.00 "," 3,261,230.00 "," 3,375,838.00 "," 3,512,932.00 "," 3,662,993.00 "," 3,811,528.00 "," 3,948,125.00 "," 4,070,167.00 "," 4,181,563.00 "," 4,286,291.00 "," 4,390,737.00 "," 4,499,621.00 "
 Libya ," 4,948,798.00 "," 5,035,884.00 "," 5,117,269.00 "," 5,195,502.00 "," 5,274,163.00 "," 5,355,751.00 "," 5,440,566.00 "," 5,527,515.00 "," 5,615,952.00 "," 5,704,759.00 "," 5,792,688.00 "," 5,881,435.00 "," 5,970,362.00 "," 6,053,078.00 "," 6,121,053.00 "," 6,169,140.00 "," 6,193,501.00 "," 6,198,258.00 "," 6,195,970.00 "," 6,204,108.00 "," 6,234,955.00 "
 Liechtenstein ," 30,833.00 "," 31,325.00 "," 31,838.00 "," 32,355.00 "," 32,842.00 "," 33,286.00 "," 33,671.00 "," 34,018.00 "," 34,321.00 "," 34,596.00 "," 34,852.00 "," 35,095.00 "," 35,322.00 "," 35,541.00 "," 35,766.00 "," 36,003.00 "," 36,264.00 "," 36,545.00 "," 36,834.00 "," 37,127.00 "," 37,403.00 "
 Lithuania ," 3,629,102.00 "," 3,601,613.00 "," 3,575,137.00 "," 3,549,331.00 "," 3,524,238.00 "," 3,499,536.00 "," 3,470,818.00 "," 3,443,067.00 "," 3,415,213.00 "," 3,377,075.00 "," 3,322,528.00 "," 3,269,909.00 "," 3,231,294.00 "," 3,198,231.00 "," 3,162,916.00 "," 3,097,282.00 "," 3,028,115.00 "," 2,987,773.00 "," 2,957,689.00 "," 2,932,367.00 "," 2,904,910.00 "
 Luxembourg ," 408,625.00 "," 414,225.00 "," 419,450.00 "," 424,700.00 "," 430,475.00 "," 436,300.00 "," 441,525.00 "," 446,175.00 "," 451,630.00 "," 458,095.00 "," 465,158.00 "," 472,637.00 "," 479,993.00 "," 488,650.00 "," 497,783.00 "," 506,953.00 "," 518,347.00 "," 530,946.00 "," 543,360.00 "," 556,319.00 "," 569,604.00 "
" Macao SAR, China "," 385,686.00 "," 393,567.00 "," 401,564.00 "," 409,837.00 "," 418,604.00 "," 427,979.00 "," 438,081.00 "," 448,896.00 "," 460,147.00 "," 471,453.00 "," 482,559.00 "," 493,320.00 "," 503,823.00 "," 514,348.00 "," 525,313.00 "," 536,969.00 "," 549,439.00 "," 562,531.00 "," 575,841.00 "," 588,781.00 "," 600,942.00 "
" Macedonia, FYR "," 1,983,252.00 "," 1,989,443.00 "," 1,999,599.00 "," 2,012,057.00 "," 2,024,394.00 "," 2,034,819.00 "," 2,042,842.00 "," 2,048,928.00 "," 2,053,426.00 "," 2,057,047.00 "," 2,060,272.00 "," 2,063,145.00 "," 2,065,458.00 "," 2,067,378.00 "," 2,069,093.00 "," 2,070,739.00 "," 2,072,383.00 "," 2,074,036.00 "," 2,075,739.00 "," 2,077,495.00 "," 2,079,308.00 "
 Madagascar ," 13,475,400.00 "," 13,902,688.00 "," 14,347,854.00 "," 14,808,791.00 "," 15,282,521.00 "," 15,766,806.00 "," 16,260,932.00 "," 16,765,117.00 "," 17,279,141.00 "," 17,802,997.00 "," 18,336,724.00 "," 18,880,268.00 "," 19,433,523.00 "," 19,996,469.00 "," 20,569,121.00 "," 21,151,640.00 "," 21,743,949.00 "," 22,346,573.00 "," 22,961,146.00 "," 23,589,801.00 "," 24,234,088.00 "
 Malawi ," 9,909,088.00 "," 10,109,789.00 "," 10,381,862.00 "," 10,704,744.00 "," 11,044,356.00 "," 11,376,172.00 "," 11,695,863.00 "," 12,013,711.00 "," 12,336,687.00 "," 12,676,038.00 "," 13,039,711.00 "," 13,429,262.00 "," 13,840,969.00 "," 14,271,234.00 "," 14,714,602.00 "," 15,167,095.00 "," 15,627,618.00 "," 16,097,305.00 "," 16,577,147.00 "," 17,068,838.00 "," 17,573,607.00 "
 Malaysia ," 20,495,597.00 "," 21,023,321.00 "," 21,565,325.00 "," 22,113,464.00 "," 22,656,286.00 "," 23,185,608.00 "," 23,698,907.00 "," 24,198,811.00 "," 24,688,703.00 "," 25,174,109.00 "," 25,659,393.00 "," 26,143,566.00 "," 26,625,845.00 "," 27,111,069.00 "," 27,605,383.00 "," 28,112,289.00 "," 28,635,128.00 "," 29,170,456.00 "," 29,706,724.00 "," 30,228,017.00 "," 30,723,155.00 "
 Maldives ," 255,000.00 "," 262,000.00 "," 264,000.00 "," 271,000.00 "," 280,000.00 "," 286,000.00 "," 292,000.00 "," 297,000.00 "," 304,000.00 "," 312,000.00 "," 321,000.00 "," 333,000.00 "," 349,000.00 "," 362,000.00 "," 360,000.00 "," 367,000.00 "," 377,000.00 "," 385,000.00 "," 393,000.00 "," 401,000.00 "," 409,163.00 "
 Mali ," 9,604,450.00 "," 9,856,810.00 "," 10,114,094.00 "," 10,380,835.00 "," 10,663,723.00 "," 10,967,690.00 "," 11,293,258.00 "," 11,638,929.00 "," 12,005,128.00 "," 12,391,906.00 "," 12,798,763.00 "," 13,227,064.00 "," 13,675,606.00 "," 14,138,216.00 "," 14,606,597.00 "," 15,075,085.00 "," 15,540,989.00 "," 16,006,670.00 "," 16,477,818.00 "," 16,962,846.00 "," 17,467,905.00 "
 Malta ," 377,419.00 "," 379,905.00 "," 382,791.00 "," 385,287.00 "," 387,578.00 "," 390,087.00 "," 393,028.00 "," 395,969.00 "," 398,582.00 "," 401,268.00 "," 403,834.00 "," 405,308.00 "," 406,724.00 "," 409,379.00 "," 412,477.00 "," 414,508.00 "," 416,268.00 "," 419,455.00 "," 423,374.00 "," 427,364.00 "," 431,874.00 "
 Marshall Islands ," 51,015.00 "," 51,401.00 "," 51,692.00 "," 51,925.00 "," 52,079.00 "," 52,159.00 "," 52,183.00 "," 52,158.00 "," 52,116.00 "," 52,074.00 "," 52,055.00 "," 52,078.00 "," 52,137.00 "," 52,218.00 "," 52,320.00 "," 52,425.00 "," 52,542.00 "," 52,663.00 "," 52,793.00 "," 52,898.00 "," 52,994.00 "
 Mauritania ," 2,327,075.00 "," 2,397,245.00 "," 2,471,598.00 "," 2,549,223.00 "," 2,628,803.00 "," 2,709,359.00 "," 2,790,729.00 "," 2,873,228.00 "," 2,957,117.00 "," 3,042,823.00 "," 3,130,720.00 "," 3,220,653.00 "," 3,312,665.00 "," 3,407,541.00 "," 3,506,288.00 "," 3,609,543.00 "," 3,717,672.00 "," 3,830,239.00 "," 3,946,170.00 "," 4,063,920.00 "," 4,182,341.00 "
 Mauritius ," 1,122,457.00 "," 1,133,996.00 "," 1,148,284.00 "," 1,160,421.00 "," 1,175,267.00 "," 1,186,873.00 "," 1,196,287.00 "," 1,204,621.00 "," 1,213,370.00 "," 1,221,003.00 "," 1,228,254.00 "," 1,233,996.00 "," 1,239,630.00 "," 1,244,121.00 "," 1,247,429.00 "," 1,250,400.00 "," 1,252,404.00 "," 1,255,882.00 "," 1,258,653.00 "," 1,260,934.00 "," 1,262,605.00 "
 Mexico ," 94,045,579.00 "," 95,687,452.00 "," 97,281,739.00 "," 98,821,456.00 "," 100,300,579.00 "," 101,719,673.00 "," 103,067,068.00 "," 104,355,608.00 "," 105,640,453.00 "," 106,995,583.00 "," 108,472,228.00 "," 110,092,378.00 "," 111,836,346.00 "," 113,661,809.00 "," 115,505,228.00 "," 117,318,941.00 "," 119,090,017.00 "," 120,828,307.00 "," 122,535,969.00 "," 124,221,600.00 "," 125,890,949.00 "
" Micronesia, Fed. Sts. "," 107,556.00 "," 108,344.00 "," 108,502.00 "," 108,238.00 "," 107,816.00 "," 107,432.00 "," 107,165.00 "," 106,983.00 "," 106,816.00 "," 106,577.00 "," 106,196.00 "," 105,684.00 "," 105,078.00 "," 104,478.00 "," 103,960.00 "," 103,616.00 "," 103,468.00 "," 103,503.00 "," 103,702.00 "," 104,015.00 "," 104,433.00 "
 Moldova ," 3,675,099.00 "," 3,667,748.00 "," 3,654,208.00 "," 3,652,732.00 "," 3,647,001.00 "," 3,639,592.00 "," 3,631,462.00 "," 3,623,062.00 "," 3,612,874.00 "," 3,603,945.00 "," 3,595,187.00 "," 3,585,209.00 "," 3,576,910.00 "," 3,570,108.00 "," 3,565,604.00 "," 3,562,045.00 "," 3,559,986.00 "," 3,559,519.00 "," 3,558,566.00 "," 3,556,397.00 "," 3,554,108.00 "
 Monaco ," 30,691.00 "," 30,967.00 "," 31,251.00 "," 31,523.00 "," 31,800.00 "," 32,082.00 "," 32,360.00 "," 32,629.00 "," 32,933.00 "," 33,314.00 "," 33,793.00 "," 34,408.00 "," 35,111.00 "," 35,853.00 "," 36,534.00 "," 37,094.00 "," 37,497.00 "," 37,783.00 "," 37,971.00 "," 38,132.00 "," 38,307.00 "
 Mongolia ," 2,298,039.00 "," 2,316,567.00 "," 2,335,695.00 "," 2,355,590.00 "," 2,376,162.00 "," 2,397,436.00 "," 2,419,776.00 "," 2,443,659.00 "," 2,469,286.00 "," 2,496,832.00 "," 2,526,446.00 "," 2,558,012.00 "," 2,591,670.00 "," 2,628,131.00 "," 2,668,289.00 "," 2,712,650.00 "," 2,761,516.00 "," 2,814,226.00 "," 2,869,107.00 "," 2,923,896.00 "," 2,976,877.00 "
 Montenegro ," 611,712.00 "," 611,003.00 "," 609,520.00 "," 607,662.00 "," 606,001.00 "," 604,950.00 "," 607,389.00 "," 609,828.00 "," 612,267.00 "," 613,353.00 "," 614,261.00 "," 615,025.00 "," 615,875.00 "," 616,969.00 "," 618,294.00 "," 619,428.00 "," 620,079.00 "," 620,601.00 "," 621,207.00 "," 621,810.00 "," 622,159.00 "
 Morocco ," 27,075,232.00 "," 27,460,603.00 "," 27,825,901.00 "," 28,175,263.00 "," 28,514,798.00 "," 28,849,621.00 "," 29,181,832.00 "," 29,512,368.00 "," 29,843,937.00 "," 30,179,285.00 "," 30,521,070.00 "," 30,869,346.00 "," 31,225,881.00 "," 31,596,855.00 "," 31,989,897.00 "," 32,409,639.00 "," 32,858,823.00 "," 33,333,789.00 "," 33,824,769.00 "," 34,318,082.00 "," 34,803,322.00 "
 Mozambique ," 15,759,132.00 "," 16,248,232.00 "," 16,701,351.00 "," 17,136,780.00 "," 17,584,869.00 "," 18,067,687.00 "," 18,588,758.00 "," 19,139,658.00 "," 19,716,598.00 "," 20,312,705.00 "," 20,923,070.00 "," 21,547,463.00 "," 22,188,387.00 "," 22,846,758.00 "," 23,524,063.00 "," 24,221,405.00 "," 24,939,005.00 "," 25,676,606.00 "," 26,434,372.00 "," 27,212,382.00 "," 28,010,691.00 "
 Myanmar ," 43,237,792.00 "," 43,793,310.00 "," 44,371,525.00 "," 44,959,935.00 "," 45,539,435.00 "," 46,095,462.00 "," 46,627,994.00 "," 47,140,220.00 "," 47,624,894.00 "," 48,073,707.00 "," 48,482,614.00 "," 48,846,474.00 "," 49,171,586.00 "," 49,479,752.00 "," 49,800,690.00 "," 50,155,896.00 "," 50,553,031.00 "," 50,986,514.00 "," 51,448,196.00 "," 51,924,182.00 "," 52,403,669.00 "
 Namibia ," 1,655,359.00 "," 1,706,489.00 "," 1,758,994.00 "," 1,810,566.00 "," 1,858,042.00 "," 1,899,257.00 "," 1,933,596.00 "," 1,962,147.00 "," 1,986,535.00 "," 2,009,228.00 "," 2,032,196.00 "," 2,055,734.00 "," 2,079,915.00 "," 2,106,375.00 "," 2,137,040.00 "," 2,173,170.00 "," 2,215,621.00 "," 2,263,934.00 "," 2,316,520.00 "," 2,370,992.00 "," 2,425,561.00 "
 Nauru ," 9,970.00 "," 10,033.00 "," 10,056.00 "," 10,054.00 "," 10,044.00 "," 10,042.00 "," 10,053.00 "," 10,073.00 "," 10,096.00 "," 10,113.00 "," 10,115.00 "," 10,101.00 "," 10,075.00 "," 10,047.00 "," 10,028.00 "," 10,025.00 "," 10,057.00 "," 10,279.00 "," 10,821.00 "," 11,853.00 "," 12,475.00 "
 Nepal ," 21,396,384.00 "," 21,903,379.00 "," 22,389,803.00 "," 22,856,305.00 "," 23,305,994.00 "," 23,740,911.00 "," 24,161,777.00 "," 24,566,342.00 "," 24,950,623.00 "," 25,309,449.00 "," 25,640,287.00 "," 25,940,618.00 "," 26,214,847.00 "," 26,475,859.00 "," 26,741,103.00 "," 27,023,137.00 "," 27,327,147.00 "," 27,649,925.00 "," 27,985,310.00 "," 28,323,241.00 "," 28,656,282.00 "
 Netherlands ," 15,459,006.00 "," 15,530,498.00 "," 15,610,650.00 "," 15,707,209.00 "," 15,812,088.00 "," 15,925,513.00 "," 16,046,180.00 "," 16,148,929.00 "," 16,225,302.00 "," 16,281,779.00 "," 16,319,868.00 "," 16,346,101.00 "," 16,381,696.00 "," 16,445,593.00 "," 16,530,388.00 "," 16,615,394.00 "," 16,693,074.00 "," 16,754,962.00 "," 16,804,432.00 "," 16,865,008.00 "," 16,939,923.00 "
 New Caledonia ," 193,816.00 "," 197,564.00 "," 201,418.00 "," 205,279.00 "," 209,214.00 "," 213,230.00 "," 217,324.00 "," 221,490.00 "," 225,000.00 "," 228,000.00 "," 231,000.00 "," 235,000.00 "," 238,000.00 "," 242,000.00 "," 245,000.00 "," 250,000.00 "," 254,000.00 "," 259,000.00 "," 263,000.00 "," 268,000.00 "," 273,000.00 "
 New Zealand ," 3,673,400.00 "," 3,732,000.00 "," 3,781,300.00 "," 3,815,000.00 "," 3,835,100.00 "," 3,857,700.00 "," 3,880,500.00 "," 3,948,500.00 "," 4,027,200.00 "," 4,087,500.00 "," 4,133,900.00 "," 4,184,600.00 "," 4,223,800.00 "," 4,259,800.00 "," 4,302,600.00 "," 4,350,700.00 "," 4,384,000.00 "," 4,408,100.00 "," 4,442,100.00 "," 4,509,700.00 "," 4,595,700.00 "
 Nicaragua ," 4,612,228.00 "," 4,700,779.00 "," 4,786,640.00 "," 4,869,626.00 "," 4,949,660.00 "," 5,026,796.00 "," 5,100,750.00 "," 5,171,734.00 "," 5,240,879.00 "," 5,309,703.00 "," 5,379,328.00 "," 5,450,211.00 "," 5,522,106.00 "," 5,594,506.00 "," 5,666,581.00 "," 5,737,723.00 "," 5,807,820.00 "," 5,877,108.00 "," 5,945,747.00 "," 6,013,997.00 "," 6,082,035.00 "
 Niger ," 9,477,333.00 "," 9,819,964.00 "," 10,180,061.00 "," 10,556,549.00 "," 10,947,829.00 "," 11,352,973.00 "," 11,771,976.00 "," 12,206,002.00 "," 12,656,870.00 "," 13,127,012.00 "," 13,618,449.00 "," 14,132,064.00 "," 14,668,338.00 "," 15,228,525.00 "," 15,813,913.00 "," 16,425,578.00 "," 17,064,636.00 "," 17,731,634.00 "," 18,426,372.00 "," 19,148,219.00 "," 19,896,965.00 "
 Nigeria ," 108,011,465.00 "," 110,732,904.00 "," 113,522,705.00 "," 116,385,750.00 "," 119,327,073.00 "," 122,352,009.00 "," 125,463,434.00 "," 128,666,710.00 "," 131,972,533.00 "," 135,393,616.00 "," 138,939,478.00 "," 142,614,094.00 "," 146,417,024.00 "," 150,347,390.00 "," 154,402,181.00 "," 158,578,261.00 "," 162,877,076.00 "," 167,297,284.00 "," 171,829,303.00 "," 176,460,502.00 "," 181,181,744.00 "
 Northern Mariana Islands ," 56,278.00 "," 59,364.00 "," 62,528.00 "," 65,474.00 "," 67,755.00 "," 69,094.00 "," 69,388.00 "," 68,763.00 "," 67,422.00 "," 65,663.00 "," 63,744.00 "," 61,688.00 "," 59,513.00 "," 57,431.00 "," 55,674.00 "," 54,424.00 "," 53,786.00 "," 53,718.00 "," 54,036.00 "," 54,468.00 "," 54,816.00 "
 Norway ," 4,359,184.00 "," 4,381,336.00 "," 4,405,157.00 "," 4,431,464.00 "," 4,461,913.00 "," 4,490,967.00 "," 4,513,751.00 "," 4,538,159.00 "," 4,564,855.00 "," 4,591,910.00 "," 4,623,291.00 "," 4,660,677.00 "," 4,709,153.00 "," 4,768,212.00 "," 4,828,726.00 "," 4,889,252.00 "," 4,953,088.00 "," 5,018,573.00 "," 5,079,623.00 "," 5,137,232.00 "," 5,188,607.00 "
 Oman ," 2,204,283.00 "," 2,236,666.00 "," 2,249,773.00 "," 2,251,875.00 "," 2,254,918.00 "," 2,267,991.00 "," 2,294,787.00 "," 2,334,285.00 "," 2,385,255.00 "," 2,444,751.00 "," 2,511,269.00 "," 2,582,991.00 "," 2,662,762.00 "," 2,759,014.00 "," 2,882,942.00 "," 3,041,460.00 "," 3,237,268.00 "," 3,464,644.00 "," 3,711,481.00 "," 3,960,925.00 "," 4,199,810.00 "
 Pakistan ," 122,829,148.00 "," 125,938,339.00 "," 129,086,987.00 "," 132,253,264.00 "," 135,405,584.00 "," 138,523,285.00 "," 141,601,437.00 "," 144,654,143.00 "," 147,703,401.00 "," 150,780,300.00 "," 153,909,667.00 "," 157,093,993.00 "," 160,332,974.00 "," 163,644,603.00 "," 167,049,580.00 "," 170,560,182.00 "," 174,184,265.00 "," 177,911,533.00 "," 181,712,595.00 "," 185,546,257.00 "," 189,380,513.00 "
 Palau ," 17,253.00 "," 17,691.00 "," 18,123.00 "," 18,524.00 "," 18,879.00 "," 19,175.00 "," 19,404.00 "," 19,574.00 "," 19,700.00 "," 19,804.00 "," 19,906.00 "," 20,012.00 "," 20,116.00 "," 20,228.00 "," 20,342.00 "," 20,470.00 "," 20,599.00 "," 20,758.00 "," 20,920.00 "," 21,094.00 "," 21,288.00 "
 Panama ," 2,739,730.00 "," 2,796,344.00 "," 2,853,941.00 "," 2,912,328.00 "," 2,971,197.00 "," 3,030,347.00 "," 3,089,684.00 "," 3,149,265.00 "," 3,209,174.00 "," 3,269,541.00 "," 3,330,465.00 "," 3,391,905.00 "," 3,453,807.00 "," 3,516,268.00 "," 3,579,385.00 "," 3,643,222.00 "," 3,707,782.00 "," 3,772,938.00 "," 3,838,462.00 "," 3,903,986.00 "," 3,969,249.00 "
 Papua New Guinea ," 4,894,276.00 "," 5,022,437.00 "," 5,154,910.00 "," 5,291,178.00 "," 5,430,479.00 "," 5,572,222.00 "," 5,716,152.00 "," 5,862,316.00 "," 6,010,724.00 "," 6,161,517.00 "," 6,314,709.00 "," 6,470,272.00 "," 6,627,922.00 "," 6,787,187.00 "," 6,947,447.00 "," 7,108,239.00 "," 7,269,348.00 "," 7,430,836.00 "," 7,592,865.00 "," 7,755,785.00 "," 7,919,825.00 "
 Paraguay ," 4,760,850.00 "," 4,870,694.00 "," 4,980,344.00 "," 5,089,310.00 "," 5,196,937.00 "," 5,302,700.00 "," 5,406,624.00 "," 5,508,611.00 "," 5,607,950.00 "," 5,703,740.00 "," 5,795,494.00 "," 5,882,796.00 "," 5,966,159.00 "," 6,047,117.00 "," 6,127,837.00 "," 6,209,877.00 "," 6,293,783.00 "," 6,379,219.00 "," 6,465,740.00 "," 6,552,584.00 "," 6,639,119.00 "
 Peru ," 24,038,760.00 "," 24,441,074.00 "," 24,827,406.00 "," 25,199,748.00 "," 25,561,299.00 "," 25,914,879.00 "," 26,261,363.00 "," 26,601,467.00 "," 26,937,738.00 "," 27,273,194.00 "," 27,610,410.00 "," 27,949,944.00 "," 28,292,724.00 "," 28,641,980.00 "," 29,001,507.00 "," 29,373,646.00 "," 29,759,989.00 "," 30,158,966.00 "," 30,565,716.00 "," 30,973,354.00 "," 31,376,671.00 "
 Philippines ," 69,835,715.00 "," 71,446,107.00 "," 73,064,764.00 "," 74,693,695.00 "," 76,335,812.00 "," 77,991,569.00 "," 79,665,315.00 "," 81,352,060.00 "," 83,031,954.00 "," 84,678,493.00 "," 86,274,237.00 "," 87,809,419.00 "," 89,293,490.00 "," 90,751,864.00 "," 92,220,879.00 "," 93,726,624.00 "," 95,277,940.00 "," 96,866,642.00 "," 98,481,032.00 "," 100,102,249.00 "," 101,716,359.00 "
 Poland ," 38,594,998.00 "," 38,624,370.00 "," 38,649,660.00 "," 38,663,481.00 "," 38,660,271.00 "," 38,258,629.00 "," 38,248,076.00 "," 38,230,364.00 "," 38,204,570.00 "," 38,182,222.00 "," 38,165,445.00 "," 38,141,267.00 "," 38,120,560.00 "," 38,125,759.00 "," 38,151,603.00 "," 38,042,794.00 "," 38,063,255.00 "," 38,063,164.00 "," 38,040,196.00 "," 38,011,735.00 "," 37,986,412.00 "
 Portugal ," 10,026,176.00 "," 10,063,945.00 "," 10,108,977.00 "," 10,160,196.00 "," 10,217,828.00 "," 10,289,898.00 "," 10,362,722.00 "," 10,419,631.00 "," 10,458,821.00 "," 10,483,861.00 "," 10,503,330.00 "," 10,522,288.00 "," 10,542,964.00 "," 10,558,177.00 "," 10,568,247.00 "," 10,573,100.00 "," 10,557,560.00 "," 10,514,844.00 "," 10,457,295.00 "," 10,401,062.00 "," 10,358,076.00 "
 Qatar ," 513,455.00 "," 522,304.00 "," 534,608.00 "," 550,430.00 "," 569,447.00 "," 592,267.00 "," 616,886.00 "," 645,659.00 "," 688,586.00 "," 758,855.00 "," 864,863.00 "," 1,010,382.00 "," 1,189,633.00 "," 1,389,342.00 "," 1,590,780.00 "," 1,779,676.00 "," 1,952,054.00 "," 2,109,568.00 "," 2,250,473.00 "," 2,374,419.00 "," 2,481,539.00 "
 Romania ," 22,684,270.00 "," 22,619,004.00 "," 22,553,978.00 "," 22,507,344.00 "," 22,472,040.00 "," 22,442,971.00 "," 22,131,970.00 "," 21,730,496.00 "," 21,574,326.00 "," 21,451,748.00 "," 21,319,685.00 "," 21,193,760.00 "," 20,882,982.00 "," 20,537,875.00 "," 20,367,487.00 "," 20,246,871.00 "," 20,147,528.00 "," 20,058,035.00 "," 19,983,693.00 "," 19,908,979.00 "," 19,815,481.00 "
 Russian Federation ," 148,375,726.00 "," 148,160,042.00 "," 147,915,307.00 "," 147,670,692.00 "," 147,214,392.00 "," 146,596,557.00 "," 145,976,083.00 "," 145,306,046.00 "," 144,648,257.00 "," 144,067,054.00 "," 143,518,523.00 "," 143,049,528.00 "," 142,805,088.00 "," 142,742,350.00 "," 142,785,342.00 "," 142,849,449.00 "," 142,960,868.00 "," 143,201,676.00 "," 143,506,911.00 "," 143,819,666.00 "," 144,096,870.00 "
 Rwanda ," 5,928,078.00 "," 6,115,168.00 "," 6,522,382.00 "," 7,059,813.00 "," 7,593,239.00 "," 8,025,703.00 "," 8,329,406.00 "," 8,536,205.00 "," 8,680,346.00 "," 8,818,438.00 "," 8,991,735.00 "," 9,206,580.00 "," 9,447,402.00 "," 9,708,169.00 "," 9,977,446.00 "," 10,246,842.00 "," 10,516,071.00 "," 10,788,853.00 "," 11,065,151.00 "," 11,345,357.00 "," 11,629,553.00 "
 Samoa ," 170,157.00 "," 171,283.00 "," 172,198.00 "," 172,981.00 "," 173,755.00 "," 174,610.00 "," 175,566.00 "," 176,582.00 "," 177,662.00 "," 178,781.00 "," 179,929.00 "," 181,094.00 "," 182,286.00 "," 183,526.00 "," 184,826.00 "," 186,205.00 "," 187,665.00 "," 189,194.00 "," 190,757.00 "," 192,290.00 "," 193,759.00 "
 San Marino ," 25,877.00 "," 26,209.00 "," 26,508.00 "," 26,799.00 "," 27,096.00 "," 27,418.00 "," 27,762.00 "," 28,121.00 "," 28,494.00 "," 28,866.00 "," 29,240.00 "," 29,614.00 "," 29,977.00 "," 30,351.00 "," 30,723.00 "," 31,110.00 "," 31,504.00 "," 31,914.00 "," 32,303.00 "," 32,657.00 "," 32,960.00 "
 Sao Tome and Principe ," 126,454.00 "," 128,821.00 "," 131,107.00 "," 133,418.00 "," 135,886.00 "," 138,606.00 "," 141,622.00 "," 144,889.00 "," 148,372.00 "," 151,969.00 "," 155,630.00 "," 159,328.00 "," 163,101.00 "," 166,913.00 "," 170,813.00 "," 174,776.00 "," 178,800.00 "," 182,889.00 "," 187,045.00 "," 191,266.00 "," 195,553.00 "
 Saudi Arabia ," 18,735,841.00 "," 19,131,578.00 "," 19,505,576.00 "," 19,882,458.00 "," 20,294,406.00 "," 20,764,312.00 "," 21,303,592.00 "," 21,906,308.00 "," 22,556,425.00 "," 23,228,890.00 "," 23,905,654.00 "," 24,578,301.00 "," 25,252,569.00 "," 25,940,770.00 "," 26,661,492.00 "," 27,425,676.00 "," 28,238,020.00 "," 29,086,357.00 "," 29,944,476.00 "," 30,776,722.00 "," 31,557,144.00 "
 Senegal ," 8,746,606.00 "," 8,974,077.00 "," 9,196,528.00 "," 9,418,393.00 "," 9,645,957.00 "," 9,884,052.00 "," 10,134,497.00 "," 10,396,861.00 "," 10,670,990.00 "," 10,955,944.00 "," 11,251,266.00 "," 11,556,763.00 "," 11,873,557.00 "," 12,203,957.00 "," 12,550,917.00 "," 12,916,229.00 "," 13,300,910.00 "," 13,703,513.00 "," 14,120,320.00 "," 14,546,111.00 "," 14,976,994.00 "
 Serbia ," 7,625,357.00 "," 7,617,794.00 "," 7,596,501.00 "," 7,567,745.00 "," 7,540,401.00 "," 7,516,346.00 "," 7,503,433.00 "," 7,496,522.00 "," 7,480,591.00 "," 7,463,157.00 "," 7,440,769.00 "," 7,411,569.00 "," 7,381,579.00 "," 7,350,222.00 "," 7,320,807.00 "," 7,291,436.00 "," 7,234,099.00 "," 7,199,077.00 "," 7,164,132.00 "," 7,130,576.00 "," 7,095,383.00 "
 Seychelles ," 75,304.00 "," 76,417.00 "," 77,319.00 "," 78,846.00 "," 80,410.00 "," 81,131.00 "," 81,202.00 "," 83,723.00 "," 82,781.00 "," 82,475.00 "," 82,858.00 "," 84,600.00 "," 85,033.00 "," 86,956.00 "," 87,298.00 "," 89,770.00 "," 87,441.00 "," 88,303.00 "," 89,949.00 "," 91,359.00 "," 93,419.00 "
 Sierra Leone ," 4,274,819.00 "," 4,282,350.00 "," 4,305,455.00 "," 4,353,646.00 "," 4,437,803.00 "," 4,564,297.00 "," 4,739,147.00 "," 4,957,216.00 "," 5,199,549.00 "," 5,439,695.00 "," 5,658,379.00 "," 5,848,692.00 "," 6,015,417.00 "," 6,165,372.00 "," 6,310,260.00 "," 6,458,720.00 "," 6,611,692.00 "," 6,766,103.00 "," 6,922,079.00 "," 7,079,162.00 "," 7,237,025.00 "
 Singapore ," 3,524,506.00 "," 3,670,704.00 "," 3,796,038.00 "," 3,927,213.00 "," 3,958,723.00 "," 4,027,887.00 "," 4,138,012.00 "," 4,175,950.00 "," 4,114,826.00 "," 4,166,664.00 "," 4,265,762.00 "," 4,401,365.00 "," 4,588,599.00 "," 4,839,396.00 "," 4,987,573.00 "," 5,076,732.00 "," 5,183,688.00 "," 5,312,437.00 "," 5,399,162.00 "," 5,469,724.00 "," 5,535,002.00 "
 Slovak Republic ," 5,361,999.00 "," 5,373,361.00 "," 5,383,291.00 "," 5,390,516.00 "," 5,396,020.00 "," 5,388,720.00 "," 5,378,867.00 "," 5,376,912.00 "," 5,373,374.00 "," 5,372,280.00 "," 5,372,807.00 "," 5,373,054.00 "," 5,374,622.00 "," 5,379,233.00 "," 5,386,406.00 "," 5,391,428.00 "," 5,398,384.00 "," 5,407,579.00 "," 5,413,393.00 "," 5,418,649.00 "," 5,423,801.00 "
 Slovenia ," 1,989,872.00 "," 1,988,628.00 "," 1,985,956.00 "," 1,981,629.00 "," 1,983,045.00 "," 1,988,925.00 "," 1,992,060.00 "," 1,994,530.00 "," 1,995,733.00 "," 1,997,012.00 "," 2,000,474.00 "," 2,006,868.00 "," 2,018,122.00 "," 2,021,316.00 "," 2,039,669.00 "," 2,048,583.00 "," 2,052,843.00 "," 2,057,159.00 "," 2,059,953.00 "," 2,061,980.00 "," 2,063,531.00 "
 Solomon Islands ," 359,225.00 "," 369,469.00 "," 379,947.00 "," 390,643.00 "," 401,538.00 "," 412,609.00 "," 423,853.00 "," 435,262.00 "," 446,769.00 "," 458,324.00 "," 469,885.00 "," 481,422.00 "," 492,940.00 "," 504,477.00 "," 516,079.00 "," 527,790.00 "," 539,614.00 "," 551,531.00 "," 563,513.00 "," 575,504.00 "," 587,482.00 "
 Somalia ," 7,704,894.00 "," 7,892,389.00 "," 8,137,475.00 "," 8,422,372.00 "," 8,720,231.00 "," 9,011,479.00 "," 9,290,823.00 "," 9,564,167.00 "," 9,836,397.00 "," 10,116,228.00 "," 10,409,925.00 "," 10,718,317.00 "," 11,038,596.00 "," 11,369,276.00 "," 11,707,990.00 "," 12,053,223.00 "," 12,404,725.00 "," 12,763,776.00 "," 13,132,349.00 "," 13,513,125.00 "," 13,908,129.00 "
 South Africa ," 41,426,810.00 "," 42,210,216.00 "," 42,921,506.00 "," 43,584,030.00 "," 44,233,730.00 "," 44,896,856.00 "," 45,312,937.00 "," 45,855,482.88 "," 46,418,193.90 "," 47,001,700.99 "," 47,606,670.24 "," 48,233,804.48 "," 48,883,844.99 "," 49,557,573.30 "," 50,255,813.11 "," 50,979,432.36 "," 51,729,345.36 "," 52,506,515.08 "," 53,311,955.61 "," 54,146,734.74 "," 55,011,976.68 "
 Spain ," 39,724,050.00 "," 39,889,852.00 "," 40,057,389.00 "," 40,223,509.00 "," 40,386,875.00 "," 40,567,864.00 "," 40,850,412.00 "," 41,431,558.00 "," 42,187,645.00 "," 42,921,895.00 "," 43,653,155.00 "," 44,397,319.00 "," 45,226,803.00 "," 45,954,106.00 "," 46,362,946.00 "," 46,576,897.00 "," 46,742,697.00 "," 46,773,055.00 "," 46,620,045.00 "," 46,480,882.00 "," 46,447,697.00 "
 Sri Lanka ," 18,074,000.00 "," 18,210,000.00 "," 18,323,000.00 "," 18,425,000.00 "," 18,532,000.00 "," 18,655,000.00 "," 18,797,000.00 "," 18,939,000.00 "," 19,083,000.00 "," 19,228,000.00 "," 19,373,000.00 "," 19,520,000.00 "," 19,668,000.00 "," 19,817,000.00 "," 19,968,000.00 "," 20,119,000.00 "," 20,271,000.00 "," 20,425,000.00 "," 20,585,000.00 "," 20,771,000.00 "," 20,966,000.00 "
 St. Kitts and Nevis ," 42,891.00 "," 43,373.00 "," 43,846.00 "," 44,317.00 "," 44,824.00 "," 45,374.00 "," 45,990.00 "," 46,641.00 "," 47,306.00 "," 47,971.00 "," 48,611.00 "," 49,210.00 "," 49,783.00 "," 50,332.00 "," 50,886.00 "," 51,445.00 "," 52,006.00 "," 52,591.00 "," 53,169.00 "," 53,739.00 "," 54,288.00 "
 St. Lucia ," 147,044.00 "," 149,004.00 "," 151,086.00 "," 153,183.00 "," 155,172.00 "," 156,949.00 "," 158,464.00 "," 159,763.00 "," 160,973.00 "," 162,251.00 "," 163,714.00 "," 165,407.00 "," 167,288.00 "," 169,220.00 "," 171,022.00 "," 172,580.00 "," 173,832.00 "," 174,835.00 "," 175,660.00 "," 176,421.00 "," 177,206.00 "
 St. Martin (French part) ," 32,712.00 "," 32,102.00 "," 31,304.00 "," 30,358.00 "," 29,305.00 "," 28,384.00 "," 27,782.00 "," 27,450.00 "," 27,363.00 "," 27,514.00 "," 27,906.00 "," 28,414.00 "," 28,905.00 "," 29,376.00 "," 29,820.00 "," 30,235.00 "," 30,615.00 "," 30,959.00 "," 31,264.00 "," 31,530.00 "," 31,754.00 "
 St. Vincent and the Grenadines ," 108,122.00 "," 108,075.00 "," 108,004.00 "," 107,922.00 "," 107,880.00 "," 107,898.00 "," 107,988.00 "," 108,146.00 "," 108,350.00 "," 108,559.00 "," 108,744.00 "," 108,907.00 "," 109,047.00 "," 109,165.00 "," 109,253.00 "," 109,315.00 "," 109,341.00 "," 109,328.00 "," 109,320.00 "," 109,357.00 "," 109,455.00 "
 Sudan ," 24,102,986.00 "," 24,786,190.00 "," 25,410,451.00 "," 26,003,542.00 "," 26,607,042.00 "," 27,250,535.00 "," 27,945,005.00 "," 28,679,565.00 "," 29,435,944.00 "," 30,186,341.00 "," 30,911,914.00 "," 31,607,064.00 "," 32,282,526.00 "," 32,955,496.00 "," 33,650,619.00 "," 34,385,963.00 "," 35,167,314.00 "," 35,990,192.00 "," 36,849,918.00 "," 37,737,913.00 "," 38,647,803.00 "
 Suriname ," 443,724.00 "," 450,036.00 "," 455,954.00 "," 461,560.00 "," 467,003.00 "," 472,390.00 "," 477,740.00 "," 483,044.00 "," 488,332.00 "," 493,630.00 "," 498,946.00 "," 504,307.00 "," 509,705.00 "," 515,148.00 "," 520,619.00 "," 526,103.00 "," 531,589.00 "," 537,077.00 "," 542,540.00 "," 547,928.00 "," 553,208.00 "
 Swaziland ," 960,792.00 "," 981,764.00 "," 1,003,995.00 "," 1,026,009.00 "," 1,045,629.00 "," 1,061,468.00 "," 1,072,927.00 "," 1,080,930.00 "," 1,087,392.00 "," 1,095,053.00 "," 1,105,873.00 "," 1,120,514.00 "," 1,138,434.00 "," 1,158,897.00 "," 1,180,675.00 "," 1,202,843.00 "," 1,225,258.00 "," 1,248,158.00 "," 1,271,456.00 "," 1,295,097.00 "," 1,319,011.00 "
 Sweden ," 8,826,939.00 "," 8,840,998.00 "," 8,846,062.00 "," 8,850,974.00 "," 8,857,874.00 "," 8,872,109.00 "," 8,895,960.00 "," 8,924,958.00 "," 8,958,229.00 "," 8,993,531.00 "," 9,029,572.00 "," 9,080,505.00 "," 9,148,092.00 "," 9,219,637.00 "," 9,298,515.00 "," 9,378,126.00 "," 9,449,213.00 "," 9,519,374.00 "," 9,600,379.00 "," 9,696,110.00 "," 9,799,186.00 "
 Switzerland ," 7,040,687.00 "," 7,071,850.00 "," 7,088,906.00 "," 7,110,001.00 "," 7,143,991.00 "," 7,184,250.00 "," 7,229,854.00 "," 7,284,753.00 "," 7,339,001.00 "," 7,389,625.00 "," 7,437,115.00 "," 7,483,934.00 "," 7,551,117.00 "," 7,647,675.00 "," 7,743,831.00 "," 7,824,909.00 "," 7,912,398.00 "," 7,996,861.00 "," 8,089,346.00 "," 8,188,649.00 "," 8,282,396.00 "
 Syrian Arab Republic ," 14,345,492.00 "," 14,755,286.00 "," 15,177,456.00 "," 15,602,210.00 "," 16,016,092.00 "," 16,410,848.00 "," 16,766,899.00 "," 17,087,901.00 "," 17,415,266.00 "," 17,806,638.00 "," 18,294,611.00 "," 18,914,977.00 "," 19,632,806.00 "," 20,325,443.00 "," 20,824,893.00 "," 21,018,834.00 "," 20,863,993.00 "," 20,420,701.00 "," 19,809,141.00 "," 19,203,090.00 "," 18,734,987.00 "
 Tajikistan ," 5,764,712.00 "," 5,849,540.00 "," 5,934,282.00 "," 6,021,691.00 "," 6,114,886.00 "," 6,216,205.00 "," 6,327,125.00 "," 6,447,688.00 "," 6,576,877.00 "," 6,712,841.00 "," 6,854,176.00 "," 7,000,557.00 "," 7,152,385.00 "," 7,309,728.00 "," 7,472,819.00 "," 7,641,630.00 "," 7,815,949.00 "," 7,995,062.00 "," 8,177,809.00 "," 8,362,745.00 "," 8,548,651.00 "
 Tanzania ," 29,960,776.00 "," 30,811,854.00 "," 31,635,251.00 "," 32,451,713.00 "," 33,291,540.00 "," 34,178,042.00 "," 35,117,019.00 "," 36,105,808.00 "," 37,149,072.00 "," 38,249,984.00 "," 39,410,545.00 "," 40,634,948.00 "," 41,923,715.00 "," 43,270,144.00 "," 44,664,231.00 "," 46,098,591.00 "," 47,570,902.00 "," 49,082,997.00 "," 50,636,595.00 "," 52,234,869.00 "," 53,879,957.00 "
 Thailand ," 59,491,790.00 "," 60,151,472.00 "," 60,863,506.00 "," 61,597,283.00 "," 62,306,651.00 "," 62,958,021.00 "," 63,543,322.00 "," 64,073,164.00 "," 64,554,952.00 "," 65,002,231.00 "," 65,425,470.00 "," 65,824,164.00 "," 66,195,615.00 "," 66,545,760.00 "," 66,881,867.00 "," 67,208,808.00 "," 67,530,130.00 "," 67,843,979.00 "," 68,143,065.00 "," 68,416,772.00 "," 68,657,600.00 "
 Timor-Leste ," 871,447.00 "," 875,916.00 "," 871,994.00 "," 865,194.00 "," 863,269.00 "," 871,607.00 "," 892,531.00 "," 923,825.00 "," 960,852.00 "," 996,698.00 "," 1,026,484.00 "," 1,048,621.00 "," 1,064,973.00 "," 1,078,110.00 "," 1,092,021.00 "," 1,109,591.00 "," 1,131,523.00 "," 1,156,760.00 "," 1,184,366.00 "," 1,212,814.00 "," 1,240,977.00 "
 Togo ," 4,274,024.00 "," 4,398,238.00 "," 4,534,551.00 "," 4,679,023.00 "," 4,825,704.00 "," 4,970,367.00 "," 5,111,770.00 "," 5,251,472.00 "," 5,391,401.00 "," 5,534,598.00 "," 5,683,268.00 "," 5,837,792.00 "," 5,997,385.00 "," 6,161,796.00 "," 6,330,472.00 "," 6,502,952.00 "," 6,679,282.00 "," 6,859,482.00 "," 7,042,948.00 "," 7,228,915.00 "," 7,416,802.00 "
 Tonga ," 96,076.00 "," 96,369.00 "," 96,725.00 "," 97,135.00 "," 97,591.00 "," 98,082.00 "," 98,611.00 "," 99,184.00 "," 99,789.00 "," 100,406.00 "," 101,041.00 "," 101,689.00 "," 102,357.00 "," 103,005.00 "," 103,604.00 "," 104,137.00 "," 104,577.00 "," 104,951.00 "," 105,328.00 "," 105,782.00 "," 106,364.00 "
 Trinidad and Tobago ," 1,255,001.00 "," 1,258,364.00 "," 1,260,678.00 "," 1,262,542.00 "," 1,264,775.00 "," 1,267,984.00 "," 1,272,380.00 "," 1,277,837.00 "," 1,284,052.00 "," 1,290,535.00 "," 1,296,934.00 "," 1,303,144.00 "," 1,309,260.00 "," 1,315,372.00 "," 1,321,618.00 "," 1,328,100.00 "," 1,334,788.00 "," 1,341,588.00 "," 1,348,248.00 "," 1,354,493.00 "," 1,360,092.00 "
 Tunisia ," 9,113,975.00 "," 9,256,037.00 "," 9,384,152.00 "," 9,499,395.00 "," 9,603,742.00 "," 9,699,197.00 "," 9,785,701.00 "," 9,864,326.00 "," 9,939,678.00 "," 10,017,601.00 "," 10,102,482.00 "," 10,196,136.00 "," 10,298,087.00 "," 10,407,336.00 "," 10,521,834.00 "," 10,639,931.00 "," 10,761,467.00 "," 10,886,668.00 "," 11,014,558.00 "," 11,143,908.00 "," 11,273,661.00 "
 Turkey ," 58,486,381.00 "," 59,423,208.00 "," 60,372,499.00 "," 61,329,590.00 "," 62,287,326.00 "," 63,240,121.00 "," 64,191,474.00 "," 65,143,054.00 "," 66,085,803.00 "," 67,007,855.00 "," 67,903,406.00 "," 68,763,405.00 "," 69,597,281.00 "," 70,440,032.00 "," 71,339,185.00 "," 72,326,914.00 "," 73,409,455.00 "," 74,569,867.00 "," 75,787,333.00 "," 77,030,628.00 "," 78,271,472.00 "
 Turkmenistan ," 4,207,840.00 "," 4,287,344.00 "," 4,355,114.00 "," 4,413,477.00 "," 4,466,132.00 "," 4,516,131.00 "," 4,564,080.00 "," 4,610,002.00 "," 4,655,741.00 "," 4,703,398.00 "," 4,754,641.00 "," 4,810,105.00 "," 4,870,137.00 "," 4,935,762.00 "," 5,007,950.00 "," 5,087,210.00 "," 5,174,061.00 "," 5,267,839.00 "," 5,366,277.00 "," 5,466,241.00 "," 5,565,284.00 "
 Turks and Caicos Islands ," 15,332.00 "," 15,966.00 "," 16,528.00 "," 17,115.00 "," 17,864.00 "," 18,873.00 "," 20,185.00 "," 21,742.00 "," 23,410.00 "," 25,028.00 "," 26,448.00 "," 27,642.00 "," 28,640.00 "," 29,481.00 "," 30,245.00 "," 30,994.00 "," 31,731.00 "," 32,431.00 "," 33,108.00 "," 33,739.00 "," 34,339.00 "
 Tuvalu ," 9,230.00 "," 9,256.00 "," 9,277.00 "," 9,306.00 "," 9,345.00 "," 9,420.00 "," 9,512.00 "," 9,635.00 "," 9,767.00 "," 9,894.00 "," 10,027.00 "," 10,137.00 "," 10,243.00 "," 10,340.00 "," 10,441.00 "," 10,531.00 "," 10,628.00 "," 10,725.00 "," 10,819.00 "," 10,908.00 "," 11,001.00 "
 Uganda ," 20,550,291.00 "," 21,202,118.00 "," 21,865,931.00 "," 22,551,789.00 "," 23,272,995.00 "," 24,039,274.00 "," 24,854,892.00 "," 25,718,048.00 "," 26,624,820.00 "," 27,568,436.00 "," 28,543,940.00 "," 29,550,662.00 "," 30,590,487.00 "," 31,663,896.00 "," 32,771,895.00 "," 33,915,133.00 "," 35,093,648.00 "," 36,306,796.00 "," 37,553,726.00 "," 38,833,338.00 "," 40,144,870.00 "
 Ukraine ," 51,512,299.00 "," 51,057,189.00 "," 50,594,105.00 "," 50,143,939.00 "," 49,673,350.00 "," 49,175,848.00 "," 48,683,865.00 "," 48,202,500.00 "," 47,812,950.00 "," 47,451,600.00 "," 47,105,150.00 "," 46,787,750.00 "," 46,509,350.00 "," 46,258,200.00 "," 46,053,300.00 "," 45,870,700.00 "," 45,706,100.00 "," 45,593,300.00 "," 45,489,600.00 "," 45,271,947.00 "," 45,154,029.00 "
 United Arab Emirates ," 2,448,820.00 "," 2,571,020.00 "," 2,700,010.00 "," 2,838,145.00 "," 2,988,162.00 "," 3,154,925.00 "," 3,326,032.00 "," 3,507,232.00 "," 3,741,932.00 "," 4,087,931.00 "," 4,579,562.00 "," 5,242,032.00 "," 6,044,067.00 "," 6,894,278.00 "," 7,666,393.00 "," 8,270,684.00 "," 8,672,475.00 "," 8,900,453.00 "," 9,006,263.00 "," 9,070,867.00 "," 9,154,302.00 "
 United Kingdom ," 58,019,030.00 "," 58,166,950.00 "," 58,316,954.00 "," 58,487,141.00 "," 58,682,466.00 "," 58,892,514.00 "," 59,119,673.00 "," 59,370,479.00 "," 59,647,577.00 "," 59,987,905.00 "," 60,401,206.00 "," 60,846,820.00 "," 61,322,463.00 "," 61,806,995.00 "," 62,276,270.00 "," 62,766,365.00 "," 63,258,918.00 "," 63,700,300.00 "," 64,128,226.00 "," 64,613,160.00 "," 65,128,861.00 "
 United States ," 266,278,000.00 "," 269,394,000.00 "," 272,657,000.00 "," 275,854,000.00 "," 279,040,000.00 "," 282,162,411.00 "," 284,968,955.00 "," 287,625,193.00 "," 290,107,933.00 "," 292,805,298.00 "," 295,516,599.00 "," 298,379,912.00 "," 301,231,207.00 "," 304,093,966.00 "," 306,771,529.00 "," 309,348,193.00 "," 311,663,358.00 "," 313,998,379.00 "," 316,204,908.00 "," 318,563,456.00 "," 320,896,618.00 "
 Uruguay ," 3,224,804.00 "," 3,248,035.00 "," 3,271,010.00 "," 3,292,138.00 "," 3,309,318.00 "," 3,321,245.00 "," 3,327,103.00 "," 3,327,773.00 "," 3,325,637.00 "," 3,324,096.00 "," 3,325,612.00 "," 3,331,043.00 "," 3,339,741.00 "," 3,350,824.00 "," 3,362,755.00 "," 3,374,415.00 "," 3,385,624.00 "," 3,396,777.00 "," 3,408,005.00 "," 3,419,546.00 "," 3,431,552.00 "
 Uzbekistan ," 22,785,000.00 "," 23,225,000.00 "," 23,667,000.00 "," 24,051,000.00 "," 24,311,650.00 "," 24,650,400.00 "," 24,964,450.00 "," 25,271,850.00 "," 25,567,650.00 "," 25,864,350.00 "," 26,167,000.00 "," 26,488,250.00 "," 26,868,000.00 "," 27,302,800.00 "," 27,767,400.00 "," 28,562,400.00 "," 29,339,400.00 "," 29,774,500.00 "," 30,243,200.00 "," 30,757,700.00 "," 31,298,900.00 "
 Vanuatu ," 168,235.00 "," 171,801.00 "," 174,999.00 "," 178,078.00 "," 181,345.00 "," 185,063.00 "," 189,290.00 "," 193,956.00 "," 198,964.00 "," 204,143.00 "," 209,370.00 "," 214,634.00 "," 219,953.00 "," 225,340.00 "," 230,785.00 "," 236,295.00 "," 241,871.00 "," 247,485.00 "," 253,142.00 "," 258,850.00 "," 264,603.00 "
" Venezuela, RB "," 22,188,667.00 "," 22,650,102.00 "," 23,110,178.00 "," 23,569,454.00 "," 24,028,689.00 "," 24,488,340.00 "," 24,948,476.00 "," 25,408,700.00 "," 25,868,523.00 "," 26,327,225.00 "," 26,784,161.00 "," 27,239,168.00 "," 27,691,965.00 "," 28,141,701.00 "," 28,587,323.00 "," 29,028,033.00 "," 29,463,291.00 "," 29,893,080.00 "," 30,317,848.00 "," 30,738,378.00 "," 31,155,134.00 "
 Vietnam ," 71,995,500.00 "," 73,156,700.00 "," 74,306,900.00 "," 75,456,300.00 "," 76,596,700.00 "," 77,630,900.00 "," 78,620,500.00 "," 79,537,700.00 "," 80,467,400.00 "," 81,436,400.00 "," 82,392,100.00 "," 83,311,200.00 "," 84,218,500.00 "," 85,118,700.00 "," 86,025,000.00 "," 86,932,500.00 "," 87,860,300.00 "," 88,809,200.00 "," 89,759,500.00 "," 90,728,900.00 "," 91,713,300.00 "
 Virgin Islands (U.S.) ," 107,817.00 "," 108,093.00 "," 108,355.00 "," 108,535.00 "," 108,596.00 "," 108,639.00 "," 108,386.00 "," 108,208.00 "," 108,085.00 "," 107,950.00 "," 107,863.00 "," 107,700.00 "," 107,423.00 "," 107,091.00 "," 106,707.00 "," 106,267.00 "," 105,784.00 "," 105,275.00 "," 104,737.00 "," 104,170.00 "," 103,574.00 "
 West Bank and Gaza ," 2,474,666.00 "," 2,587,997.00 "," 2,706,518.00 "," 2,776,568.00 "," 2,848,431.00 "," 2,922,153.00 "," 2,997,784.00 "," 3,075,373.00 "," 3,154,969.00 "," 3,236,626.00 "," 3,320,396.00 "," 3,406,334.00 "," 3,494,496.00 "," 3,596,688.00 "," 3,702,218.00 "," 3,811,102.00 "," 3,927,051.00 "," 4,046,901.00 "," 4,169,506.00 "," 4,294,682.00 "," 4,422,143.00 "
" Yemen, Rep. "," 15,320,653.00 "," 15,889,449.00 "," 16,408,954.00 "," 16,896,210.00 "," 17,378,098.00 "," 17,874,725.00 "," 18,390,135.00 "," 18,919,179.00 "," 19,462,086.00 "," 20,017,068.00 "," 20,582,927.00 "," 21,160,534.00 "," 21,751,605.00 "," 22,356,391.00 "," 22,974,929.00 "," 23,606,779.00 "," 24,252,206.00 "," 24,909,969.00 "," 25,576,322.00 "," 26,246,327.00 "," 26,916,207.00 "
 Zambia ," 9,137,077.00 "," 9,394,304.00 "," 9,666,578.00 "," 9,950,224.00 "," 10,239,714.00 "," 10,531,221.00 "," 10,824,125.00 "," 11,120,409.00 "," 11,421,984.00 "," 11,731,746.00 "," 12,052,156.00 "," 12,383,446.00 "," 12,725,974.00 "," 13,082,517.00 "," 13,456,417.00 "," 13,850,033.00 "," 14,264,756.00 "," 14,699,937.00 "," 15,153,210.00 "," 15,620,974.00 "," 16,100,587.00 "
 Zimbabwe ," 11,320,346.00 "," 11,518,262.00 "," 11,709,997.00 "," 11,893,272.00 "," 12,064,537.00 "," 12,222,251.00 "," 12,366,165.00 "," 12,500,525.00 "," 12,633,897.00 "," 12,777,511.00 "," 12,940,032.00 "," 13,124,267.00 "," 13,329,909.00 "," 13,558,469.00 "," 13,810,599.00 "," 14,086,317.00 "," 14,386,649.00 "," 14,710,826.00 "," 15,054,506.00 "," 15,411,675.00 "," 15,777,451.00 "